source,path,setting,canonical_setting,seed,returncode,diagnostic_matrix,stdout,stderr,started_at,finished_at,d_model,n_heads,n_layers,d_ff,dropout,use_regime_time_embedding,use_regime_factor_gate,router_use_layer_summary,router_mode,main_loss,use_feature_selection,use_alibi,lr,n_epochs,batch_size,grad_accum_steps,precision,market_state_path,market_state_shift,market_state_strict,checkpoint_metric,checkpoint_epoch,checkpoint_score,checkpoint_restored,best_valid_rank_ic,best_valid_rank_ic_epoch,final_valid_rank_ic,best_minus_final_valid_rank_ic,attention_pooling/factor_effective_rank_mean,attention_pooling/factor_entropy_norm_mean,attention_pooling/factor_top10_mass_mean,attention_pooling/pool_entropy_norm_mean,attention_pooling/pool_top10_mass_mean,attention_pooling/pooling_top10_mass_daily_mean,attention_pooling/pooling_top10_vs_film_top10_overlap,attention_pooling/time_diag_mass_mean,attention_pooling/time_local_mass_mean,attention_pooling/time_long_range_mass_mean,factor_film/beta_strength_mean,factor_film/factor_gate_entropy_mean,factor_film/factor_gate_topk_mass_10_mean,factor_film/factor_gate_topk_mass_5_mean,factor_film/film_pool_top10_overlap,factor_film/gamma_strength_mean,factor_film/gate_js_divergence_regime_mean,factor_film/top10_factor_stability,optimization/loss_gap_last,optimization/post_peak_decay,optimization/rank_ic_gap_last,optimization/train_grad_nonfinite_rate_last,optimization/train_grad_nonfinite_steps_last,optimization/train_grad_norm_last,optimization/train_grad_skipped_rate_last,optimization/train_grad_skipped_steps_last,optimization/train_label_std_last,optimization/train_lr_last,optimization/train_optimizer_steps_last,optimization/train_score_std_last,optimization/valid_label_std_last,optimization/valid_score_std_last,performance/daily_ic_mean,performance/daily_ic_std,performance/daily_rank_ic_mean,performance/daily_rank_ic_std,performance/ic_win_rate,performance/icir,performance/rank_icir,performance/rolling20_rank_ic_mean,performance/rolling20_rank_ic_min,performance/rolling60_rank_ic_mean,performance/rolling60_rank_ic_min,performance/top_bottom_spread_mean,performance/top_bottom_spread_std,performance/worst5_day_rank_ic_mean,portfolio/annualized_return_with_cost,portfolio/annualized_return_without_cost,portfolio/cost_drag,portfolio/information_ratio_with_cost,portfolio/max_drawdown_with_cost,portfolio/top_bottom_spread,portfolio/turnover,regime/corr_mean_abs_rank_ic_spread,regime/market_vol_20_rank_ic_spread,regime/pc1_rank_ic_spread,regime/pc1_tail_2x2_rank_ic_spread,regime/tail_rank_ic_spread,router/collapse_ratio,router/entropy_norm_mean,router/factor_ratio_mean,router/layer_0_collapse_ratio_last,router/layer_0_entropy_norm_last,router/layer_0_factor_ratio_last,router/layer_0_logit_margin_last,router/layer_0_time_ratio_last,router/layer_1_collapse_ratio_last,router/layer_1_entropy_norm_last,router/layer_1_factor_ratio_last,router/layer_1_logit_margin_last,router/layer_1_time_ratio_last,router/time_ratio_mean,router/time_ratio_std,router/time_ratio_vs_corr_mean_abs_spearman,router/time_ratio_vs_market_vol_20_spearman,router/time_ratio_vs_pc1_spearman,router/time_ratio_vs_rank_ic_spearman,router/time_ratio_vs_tail_spearman,time_embedding/tau_drift,time_embedding/tau_mean,time_embedding/tau_p10,time_embedding/tau_p90,time_embedding/tau_range_utilization,time_embedding/tau_std,time_embedding/tau_vs_rank_ic_spearman,time_embedding/tau_vs_tail_spearman,time_embedding/tau_vs_volatility_spearman,source_priority,csv_path,selectable,selected_for_stage2,reasons,rankic,rankicir,post_peak_decay,drawdown,turnover,grad_nonfinite_rate,grad_skipped_rate,d_head,params_plan,epochs_recorded,ï»¿run_dir,cwd,command,head,train_epochs,valid_epochs,best_valid_epoch,last_valid_rank_ic,last_valid_ic,last_valid_time_ratio,last_valid_gate_entropy,last_train_loss_main,last_train_rank_ic
diagnostic_manifest,diagnostic_runs\four_day_plan_20260501_125906\capacity_full135_40epoch\stage1_seed42\cap00_d64_h4_l2_ff128_do010\manifest.json,cap00_d64_h4_l2_ff128_do010,cap00_d64_h4_l2_ff128_do010,42,0,C:\Users\60585\PycharmProjects\qibMacV2\mlruns\281573398107824411\84427877e2994570941437aea65b397b\diagnostic_matrix.csv,diagnostic_runs\four_day_plan_20260501_125906\capacity_full135_40epoch\stage1_seed42\cap00_d64_h4_l2_ff128_do010\stdout.log,diagnostic_runs\four_day_plan_20260501_125906\capacity_full135_40epoch\stage1_seed42\cap00_d64_h4_l2_ff128_do010\stderr.log,2026-05-03 03:32:19,2026-05-03 09:40:27,64,4,2,128,0.1,True,True,True,learned,mse,False,False,5e-05,40,300,1,amp_fp16,data/market_state_csi300.pkl,0,True,valid_rank_ic,16,0.07676118468109609,True,0.07676118468109609,16,0.0664095326192119,0.010351652061884195,157.70531724778576,0.9996312385773918,0.06999539974572873,0.9999999999684411,0.06329138784763094,0.06329154065792493,0.03359012080440182,0.12605322999145036,0.3481246693692007,0.6518753306297993,0.010747159970695619,0.943687033828854,0.18212391814116372,0.10022458496294709,0.03359012080440182,0.0879450335293862,0.0041372144908916105,0.4731525860211847,-1.2403777309437247,0.010351652061884195,0.12597857143470106,0.0003356831151393085,1.0,8.150662310643778,0.0003356831151393085,1.0,1.1656505451501715,2.0371225822879425e-11,2978.0,0.23191585073378232,0.045755472765860505,0.2692948012032017,0.06743631722980939,0.1407693779804887,0.07676163035845204,0.13781854939843058,0.6563011456628478,0.4790553044793335,0.5569760434535975,0.07777032954136366,-0.007058842887939912,0.07754387739549189,0.03315285425994156,0.010592420965565731,0.02506599100200167,-0.19022446025486853,0.1967299969706057,0.3517225328822176,0.1549925359116119,1.8776309794433403,-0.07725371714521317,0.010592420965565731,0.3258522180509293,0.010888557971530016,0.03224087158812024,0.0026833360142055895,0.04455731221332496,0.06565886828062881,0.0,0.9325570694036464,0.372895445711809,0.0,0.9219265858202246,0.3626153240568704,0.631352451155892,0.6373846883323111,0.0,0.9141442062616738,0.34273764493520054,0.6922321725398937,0.6572623676003099,0.627104554288191,0.07419568359471893,-0.2601104996209533,0.21515792386552968,-0.2082606936686832,-0.05987418068297857,-0.28254054432269005,0.0,4.954785390688433,4.945395469665527,4.964699745178223,0.0003899853638928346,0.00677076969837211,0.010438617059537143,0.1872101706785408,-0.21672776583460202,manifest,,,,,,,,,,,,,,,,,,,,,,,,,,,
diagnostic_manifest,diagnostic_runs\four_day_plan_20260501_125906\capacity_full135_40epoch\stage1_seed42\cap01_d64_h4_l2_ff256_do015\manifest.json,cap01_d64_h4_l2_ff256_do015,cap01_d64_h4_l2_ff256_do015,42,0,C:\Users\60585\PycharmProjects\qibMacV2\mlruns\661312772085780666\ce93762ac6fe4327b7183b2bb1e66213\diagnostic_matrix.csv,diagnostic_runs\four_day_plan_20260501_125906\capacity_full135_40epoch\stage1_seed42\cap01_d64_h4_l2_ff256_do015\stdout.log,diagnostic_runs\four_day_plan_20260501_125906\capacity_full135_40epoch\stage1_seed42\cap01_d64_h4_l2_ff256_do015\stderr.log,2026-05-03 09:40:27,2026-05-03 16:02:39,64,4,2,256,0.15,True,True,True,learned,mse,False,False,5e-05,40,300,1,amp_fp16,data/market_state_csi300.pkl,0,True,valid_rank_ic,29,0.07483852497568617,True,0.07483852497568617,29,0.07396894738099229,0.0008695775946938877,154.60196584872529,0.9956995435329352,0.09458753247588103,0.999929883769071,0.0666430394324436,0.06653205968243069,0.03644625507480392,0.12204245709502903,0.34424558834622965,0.6557544116527704,0.014468400881651624,0.9415232891341864,0.17735719449098683,0.09745655631960512,0.03644625507480392,0.11215606875681057,0.0041467948462308715,0.4474612489305684,-1.2663850904211904,0.0008695775946938877,0.10682988671243017,0.0003356831151393085,1.0,6.67934515041219,0.0003356831151393085,1.0,1.1656505451501715,2.126655840040126e-11,2978.0,0.21252343061587362,0.045755472765860505,0.23656607220488954,0.06756322259299026,0.14369182954200438,0.07484501407020838,0.1416886690952153,0.6841243862520459,0.4701952978700156,0.5282357054247737,0.07626382796951638,-0.023193431735403468,0.07556476210024596,0.020256440604688557,0.009493095853534389,0.02517816193522719,-0.2039380570711154,0.21455575761522297,0.37036077921570526,0.1558050216004823,1.8394106220565603,-0.07099595447133833,0.009493095853534389,0.3275570985180413,0.021585031619808008,0.04163612593641736,0.009400341416121658,0.05582659467942373,0.056603049291059734,0.0,0.872347355719468,0.31087629623121726,0.0,0.9133898113441156,0.35036478175761854,0.6734792955963584,0.6496352319241351,0.004909983633387889,0.769166821738897,0.22971492993558487,1.227996976012684,0.770285085063129,0.6891237037687827,0.04603885125676442,-0.18102930260134964,0.025980826179845446,-0.12659508707027123,0.008696610569853765,-0.14929832951130065,0.007718563079833984,4.925496404963117,4.914517879486084,4.941535949707031,0.0005458196004231771,0.010574161858177578,-0.03153439826639489,0.09287242172048508,-0.21331526135447584,manifest,,,,,,,,,,,,,,,,,,,,,,,,,,,
diagnostic_manifest,diagnostic_runs\four_day_plan_20260501_125906\capacity_full135_40epoch\stage1_seed42\cap02_d80_h4_l2_ff320_do015\manifest.json,cap02_d80_h4_l2_ff320_do015,cap02_d80_h4_l2_ff320_do015,42,0,C:\Users\60585\PycharmProjects\qibMacV2\mlruns\516942619567852638\772d906887fb40f3aaea025e299445af\diagnostic_matrix.csv,diagnostic_runs\four_day_plan_20260501_125906\capacity_full135_40epoch\stage1_seed42\cap02_d80_h4_l2_ff320_do015\stdout.log,diagnostic_runs\four_day_plan_20260501_125906\capacity_full135_40epoch\stage1_seed42\cap02_d80_h4_l2_ff320_do015\stderr.log,2026-05-03 16:02:39,2026-05-04 10:12:55,80,4,2,320,0.15,True,True,True,learned,mse,False,False,5e-05,40,300,1,amp_fp16,data/market_state_csi300.pkl,0,True,valid_rank_ic,17,0.07514629785070204,True,0.07514629785070204,17,0.06658429699150396,0.008562000859198074,152.5951088084998,0.9931144215005976,0.11219892471342979,0.999999999923569,0.06329337492154509,0.06329334924148591,0.08851496782133762,0.1300599646536258,0.36071067887862557,0.6392893211203744,0.01640394206331058,0.9465325332312264,0.17403342173649713,0.09710232863498397,0.08851496782133762,0.12282848429489643,0.0030344045754603813,0.523919601830326,-1.2481210130081601,0.008562000859198074,0.12889686500324365,0.0003356831151393085,1.0,6.11328824840226,0.0003356831151393085,1.0,1.1656505451501715,2.126655840040126e-11,2978.0,0.23297752234390734,0.045755472765860505,0.2679211605590221,0.0655355134046965,0.1431661586129245,0.07514381148857541,0.1428690061488545,0.6432078559738135,0.4577584119015414,0.5259630028523012,0.07605592394956942,-0.038929377167866396,0.07526110416566713,0.020115423227706118,0.010196507866486737,0.025216455841603338,-0.20259764079808687,0.2319674121188528,0.38681706320712317,0.15484965108827037,2.2652017407911673,-0.0521194886452912,0.010196507866486737,0.32555145873984925,0.004010119232693732,0.03483281617320224,0.0037656028938402725,0.05326530537453683,0.060412439287917355,0.0,0.8323769797900521,0.2856564524182841,0.0,0.9030608508473722,0.35264627772052626,0.6747043940517594,0.6473537348393723,0.0,0.8817258495745994,0.3076271764970645,0.826901100271072,0.6923728371115246,0.7143435475817159,0.050032412772144035,-0.44169593033746996,-0.026314839745562577,-0.4021926314997572,-0.06225020662124419,-0.23062476687704947,-0.03474140167236328,4.937423652986068,4.922236442565918,4.956977844238281,0.0007018464984315815,0.013208325914268746,-0.003950732370331375,-0.023983267579756263,0.004309355673710154,manifest,,,,,,,,,,,,,,,,,,,,,,,,,,,
diagnostic_manifest,diagnostic_runs\four_day_plan_20260501_125906\capacity_full135_40epoch\stage1_seed42\cap03_d96_h4_l2_ff288_do015\manifest.json,cap03_d96_h4_l2_ff288_do015,cap03_d96_h4_l2_ff288_do015,42,0,C:\Users\60585\PycharmProjects\qibMacV2\mlruns\615207836098066466\c7ab2c63668c4e698c2043b1fbfe5826\diagnostic_matrix.csv,diagnostic_runs\four_day_plan_20260501_125906\capacity_full135_40epoch\stage1_seed42\cap03_d96_h4_l2_ff288_do015\stdout.log,diagnostic_runs\four_day_plan_20260501_125906\capacity_full135_40epoch\stage1_seed42\cap03_d96_h4_l2_ff288_do015\stderr.log,2026-05-04 10:12:55,2026-05-04 18:07:00,96,4,2,288,0.15,True,True,True,learned,mse,False,False,5e-05,40,300,1,amp_fp16,data/market_state_csi300.pkl,0,True,valid_rank_ic,23,0.07534433094527214,True,0.07534433094527214,23,0.07013247968304775,0.0052118512622243846,155.03831801071118,0.9962596288493746,0.09062973390125081,0.9999751638098116,0.06576841841311697,0.06570798852985286,0.009209104723234227,0.1178354475915883,0.3413919613267809,0.6586080386722191,0.016189214324581692,0.9428674554278534,0.18000137730335447,0.10008768631227669,0.009209104723234227,0.12852060318651645,0.0026719364366719813,0.5061814911419033,-1.2467236596228883,0.0052118512622243846,0.12459592634802286,0.0003356831151393085,1.0,6.319171905876862,0.0003356831151393085,1.0,1.1656505451501715,1.949514769894467e-11,2978.0,0.2300671759608929,0.045755472765860505,0.2673577591167144,0.06317066661255749,0.1448032819584291,0.07535067511486078,0.1476394765561238,0.6595744680851063,0.43625162191208394,0.5103694274221902,0.07626677218534583,-0.03974016268956634,0.07572075717781704,0.009410718981105303,0.010493955174621055,0.024761739063776777,-0.21522545339518445,0.1696329987746897,0.32455227876633513,0.15491927999164543,1.6120651057537745,-0.10263697133044505,0.010493955174621055,0.3257017716333332,0.022254207442081314,0.03787877856705957,0.014371389528361117,0.04468953263357148,0.045222925188729515,0.0,0.9377760248086544,0.3862148949622587,0.0,0.9597282098475143,0.4317366271333101,0.39447011494987727,0.5682633850119898,0.0,0.9126806003567435,0.3433931183356505,0.6929677910188216,0.6566068937608731,0.6137851050377413,0.056779109432357186,-0.40125203793518693,0.06662379045686048,-0.33636081461642103,0.0069263754977454475,-0.06249852037619534,-0.030865192413330078,4.893055863544321,4.868223190307617,4.918376922607422,0.0010132067131273675,0.020371040261516787,0.007859382168065414,0.18592530215558026,-0.14636960369395074,manifest,,,,,,,,,,,,,,,,,,,,,,,,,,,
diagnostic_manifest,diagnostic_runs\four_day_plan_20260501_125906\capacity_full135_40epoch\stage1_seed42\cap04_d96_h4_l2_ff288_do020\manifest.json,cap04_d96_h4_l2_ff288_do020,cap04_d96_h4_l2_ff288_do020,42,0,C:\Users\60585\PycharmProjects\qibMacV2\mlruns\338376328896534105\233da76fa5824223ae0e44cba8248454\diagnostic_matrix.csv,diagnostic_runs\four_day_plan_20260501_125906\capacity_full135_40epoch\stage1_seed42\cap04_d96_h4_l2_ff288_do020\stdout.log,diagnostic_runs\four_day_plan_20260501_125906\capacity_full135_40epoch\stage1_seed42\cap04_d96_h4_l2_ff288_do020\stderr.log,2026-05-04 18:07:00,2026-05-05 01:59:36,96,4,2,288,0.2,True,True,True,learned,mse,False,False,5e-05,40,300,1,amp_fp16,data/market_state_csi300.pkl,0,True,valid_rank_ic,19,0.07452531286360659,True,0.07452531286360659,19,0.06552001878591801,0.009005294077688575,156.18779420586995,0.9977208872297059,0.0846097245221129,0.9999996323520911,0.06349001247959524,0.06348719692477732,0.025336438879683724,0.12236937637427021,0.34741907124347493,0.6525809287555251,0.0161462904284853,0.9466240363113229,0.16971847036954033,0.09382669019182067,0.025336438879683724,0.11169416487290114,0.0028680372562092447,0.44120796320080696,-1.2357627010615742,0.009005294077688575,0.1276062332992032,0.0003356831151393085,1.0,6.4528118649399,0.0003356831151393085,1.0,1.1656505451501715,2.126655840040126e-11,2978.0,0.22876189642602382,0.045755472765860505,0.2881183031147709,0.06410486516125767,0.15352691373254695,0.07452812100962426,0.15527886312889738,0.6497545008183306,0.4175480611362524,0.4799630774457582,0.07509768634699081,-0.03268338612883518,0.07429634351449231,0.01428418024778902,0.009678846923729676,0.02708266305497122,-0.23409406657761506,0.16728508860685465,0.3227427523858773,0.15545766377902265,1.4428284056802776,-0.08506855471698746,0.009678846923729676,0.3268321296986509,0.013659096453209743,0.043775284766671335,0.009763607607629385,0.050622105101067946,0.05907386522985926,0.0,0.9056579175577338,0.3610308090351477,0.0,0.9604755545403876,0.44029190499829385,0.38199137236599834,0.5597081065860786,0.0,0.9492053744640756,0.3899420510776304,0.5003232565722177,0.6100579620919719,0.6389691909648523,0.06357828299237704,-0.5447704965380749,0.06406668486932751,-0.4928399360065993,-0.004401571741894687,-0.07515910230368877,-0.0385894775390625,4.9102194867235545,4.883652687072754,4.933815002441406,0.001013380108457623,0.019625701081077175,0.02005179477656852,0.1295301541219723,-0.032274904697089615,manifest,,,,,,,,,,,,,,,,,,,,,,,,,,,
diagnostic_manifest,diagnostic_runs\four_day_plan_20260501_125906\capacity_full135_40epoch\stage1_seed42\cap05_d96_h4_l2_ff384_do015\manifest.json,cap05_d96_h4_l2_ff384_do015,cap05_d96_h4_l2_ff384_do015,42,0,C:\Users\60585\PycharmProjects\qibMacV2\mlruns\570523982808623313\e07135da68324a5ab0f1501a10f8fdac\diagnostic_matrix.csv,diagnostic_runs\four_day_plan_20260501_125906\capacity_full135_40epoch\stage1_seed42\cap05_d96_h4_l2_ff384_do015\stdout.log,diagnostic_runs\four_day_plan_20260501_125906\capacity_full135_40epoch\stage1_seed42\cap05_d96_h4_l2_ff384_do015\stderr.log,2026-05-05 01:59:36,2026-05-05 10:03:53,96,4,2,384,0.15,True,True,True,learned,mse,False,False,5e-05,40,300,1,amp_fp16,data/market_state_csi300.pkl,0,True,valid_rank_ic,17,0.07728903727392072,True,0.07728903727392072,17,0.07223253106912673,0.00505650620479399,152.18681343871623,0.9925797469524509,0.12255433215911815,0.9999999999396287,0.06329272741954288,0.06329289729376716,0.014758664254744883,0.12158624806100701,0.3434365200959385,0.6565634799030615,0.01750939132938384,0.9487987523578388,0.16375260733055796,0.08935737297694929,0.014758664254744883,0.12143798065166037,0.0019979152367924032,0.46596479645253935,-1.2337316502730318,0.00505650620479399,0.12879776033856621,0.0003356831151393085,1.0,5.365182892150548,0.0003356831151393085,1.0,1.1656505451501715,2.0371225822879425e-11,2978.0,0.23798322469526267,0.045755472765860505,0.2861346105897095,0.0640317525750809,0.1422165296327696,0.07728730575102148,0.1422042608146735,0.6546644844517185,0.45024128165989696,0.54349500716962,0.07794525224477405,-0.015118141509261685,0.07704457458722186,0.02884992103373186,0.010267192281214078,0.02516065813712893,-0.203236844407021,0.18345836549176997,0.3387089246897696,0.15525055919799963,1.754429119796694,-0.07781892499898352,0.010267192281214078,0.3263962041481793,0.007170164377206412,0.04420872693788901,0.008075843751343417,0.032371223172250704,0.05312899796844239,0.0,0.9153385449862758,0.3672135462035133,0.0,0.9190170759069939,0.39450089926122645,0.5915691169701309,0.6054991111281265,0.0,0.861757782301614,0.29751197186507494,0.90187544752455,0.7024880450846911,0.6327864537964867,0.07273857379026223,-0.374779845130078,0.10310592107305211,-0.32460589397949624,-0.003945821305635828,-0.17624558019929285,-0.03860330581665039,4.939773570496205,4.926096439361572,4.956977844238281,0.0006238667651860401,0.01145748786628528,-0.016049076122031682,-0.03947721161915824,0.07375434101982967,manifest,,,,,,,,,,,,,,,,,,,,,,,,,,,
diagnostic_manifest,diagnostic_runs\four_day_plan_20260501_125906\capacity_full135_40epoch\stage1_seed42\cap06_d96_h4_l2_ff384_do020\manifest.json,cap06_d96_h4_l2_ff384_do020,cap06_d96_h4_l2_ff384_do020,42,0,C:\Users\60585\PycharmProjects\qibMacV2\mlruns\731153307123711936\da4dbec2f9194c33966932dc41b367ff\diagnostic_matrix.csv,diagnostic_runs\four_day_plan_20260501_125906\capacity_full135_40epoch\stage1_seed42\cap06_d96_h4_l2_ff384_do020\stdout.log,diagnostic_runs\four_day_plan_20260501_125906\capacity_full135_40epoch\stage1_seed42\cap06_d96_h4_l2_ff384_do020\stderr.log,2026-05-05 10:03:53,2026-05-05 18:09:47,96,4,2,384,0.2,True,True,True,learned,mse,False,False,5e-05,40,300,1,amp_fp16,data/market_state_csi300.pkl,0,True,valid_rank_ic,17,0.0793652319728164,True,0.0793652319728164,17,0.07437549692636283,0.004989735046453572,157.78668100580938,0.9997330965583644,0.07050916985813782,0.9999957659316051,0.06403455993266575,0.064036030738724,0.024656889487928286,0.111258270726659,0.3217753843662286,0.6782246156327714,0.017846870100439668,0.944297028348801,0.17905843055482387,0.09917713693189152,0.024656889487928286,0.1220859043336734,0.0024272287903751148,0.46801191345042525,-1.2388210674003994,0.004989735046453572,0.12001252488413269,0.0003356831151393085,1.0,5.452127787676689,0.0003356831151393085,1.0,1.1656505451501715,2.0371225822879425e-11,2978.0,0.23074071396913814,0.045755472765860505,0.2806140756060761,0.06893208990422399,0.14628954669524127,0.07937359407172331,0.14655313106865125,0.6595744680851063,0.47120311369770834,0.5416028541522023,0.08019900544445716,-0.025902780052640094,0.07953961576907154,0.026722276671379306,0.011296806049513374,0.02634470074125425,-0.2169886509091173,0.2202313447273886,0.3745582781334497,0.15432693340606113,2.086088748683269,-0.08060974912000239,0.011296806049513374,0.3244564287274963,0.006493519030025263,0.045708390194031306,0.007015120803707128,0.038595097334874526,0.05423998340067812,0.0,0.8359566755214279,0.2962210695690233,0.0,0.9188777061999331,0.3820199947407905,0.5839943643872749,0.6179800157705032,0.0,0.8072194098060533,0.2628665259397557,1.098390270176964,0.7371334863518733,0.7037789304309767,0.0648593101687725,-0.33354739872928596,0.18401117201461897,-0.29773413698607076,-0.0017396693323569132,-0.20651229126782583,-0.015438556671142578,4.939659651679805,4.926096439361572,4.9531168937683105,0.0005458677657926925,0.00988305173593098,-0.02643402897758891,-0.034352215583056095,-0.10216200746140686,manifest,,,,,,,,,,,,,,,,,,,,,,,,,,,
diagnostic_manifest,diagnostic_runs\four_day_plan_20260501_125906\capacity_full135_40epoch\stage1_seed42\cap07_d96_h6_l2_ff384_do015\manifest.json,cap07_d96_h6_l2_ff384_do015,cap07_d96_h6_l2_ff384_do015,42,0,C:\Users\60585\PycharmProjects\qibMacV2\mlruns\950435068917322288\993114e05e8e48cdbf40b1dcb19a5547\diagnostic_matrix.csv,diagnostic_runs\four_day_plan_20260501_125906\capacity_full135_40epoch\stage1_seed42\cap07_d96_h6_l2_ff384_do015\stdout.log,diagnostic_runs\four_day_plan_20260501_125906\capacity_full135_40epoch\stage1_seed42\cap07_d96_h6_l2_ff384_do015\stderr.log,2026-05-05 18:09:47,2026-05-06 03:28:05,96,6,2,384,0.15,True,True,True,learned,mse,False,False,5e-05,40,300,1,amp_fp16,data/market_state_csi300.pkl,0,True,valid_rank_ic,19,0.07749089538802886,True,0.07749089538802886,19,0.07178826054892058,0.005702634839108281,152.31116088561959,0.9927476940749193,0.1193406671510884,0.9999999999070052,0.06329353032421453,0.06329357660226294,0.025813305768512932,0.11674488618316553,0.3335780509187538,0.6664219490802461,0.018162244520075435,0.9479070981863867,0.16683478729034212,0.09101338061441572,0.025813305768512932,0.12369626015424728,0.002694580840404121,0.45322197258323726,-1.2337942582277874,0.005702634839108281,0.12767065727768523,0.0003356831151393085,1.0,5.675798931141791,0.0003356831151393085,1.0,1.1656505451501715,1.949514769894467e-11,2978.0,0.23835343088468236,0.045755472765860505,0.28814327658295824,0.0651842967157866,0.1457155848379741,0.07749194350080746,0.14609780618999027,0.6546644844517185,0.4473392244780621,0.5304114108327845,0.07753864577951887,-0.02173880563487298,0.07663431079889116,0.02318579724465312,0.010130307773385751,0.025402665750212026,-0.21697181119203376,0.16684033086338615,0.3221440873567123,0.15530375649332614,1.5848944202010637,-0.0866443641043598,0.010130307773385751,0.3265088942066348,0.00526694621913569,0.037666158591661246,0.007254531001273365,0.030455715818120246,0.03672767792500048,0.0,0.8788505432964313,0.3216717609628198,0.0,0.8839480964719957,0.3455861020229647,0.7380902529153028,0.6544139133049891,0.0,0.8765632909175417,0.30918027114263336,0.848882946757365,0.6908197411733836,0.6783282390371802,0.07411442059347192,-0.49811428851007006,0.08698930619979472,-0.44620892761601433,0.036546050364553,-0.10283977291917545,-0.03087759017944336,4.933582419069231,4.918376922607422,4.949256420135498,0.0006238282328904277,0.012084114131435814,-0.058047747634598766,-0.0724433389697354,0.021624052239602946,manifest,,,,,,,,,,,,,,,,,,,,,,,,,,,
diagnostic_manifest,diagnostic_runs\four_day_plan_20260501_125906\capacity_full135_40epoch\stage1_seed42\cap08_d96_h4_l3_ff384_do020\manifest.json,cap08_d96_h4_l3_ff384_do020,cap08_d96_h4_l3_ff384_do020,42,1,,diagnostic_runs\four_day_plan_20260501_125906\capacity_full135_40epoch\stage1_seed42\cap08_d96_h4_l3_ff384_do020\stdout.log,diagnostic_runs\four_day_plan_20260501_125906\capacity_full135_40epoch\stage1_seed42\cap08_d96_h4_l3_ff384_do020\stderr.log,2026-05-06 03:28:05,2026-05-06 21:39:06,96,4,3,384,0.2,True,True,True,learned,mse,False,False,5e-05,40,300,1,amp_fp16,data/market_state_csi300.pkl,0,True,valid_rank_ic,,,,,,,,,,,,,,,,,,,,,,,,,,,,,,,,,,,,,,,,,,,,,,,,,,,,,,,,,,,,,,,,,,,,,,,,,,,,,,,,,,,,,,,,,,,,,,,manifest,,,,,,,,,,,,,,,,,,,,,,,,,,,
diagnostic_manifest,diagnostic_runs\four_day_plan_20260501_125906\capacity_full135_40epoch\stage2_seed43_44\cap00_d64_h4_l2_ff128_do010_seed43\manifest.json,cap00_d64_h4_l2_ff128_do010_seed43,cap00_d64_h4_l2_ff128_do010,43,0,C:\Users\60585\PycharmProjects\qibMacV2\mlruns\730804180011220503\440cd8270fd846d3b0aa3de5e2498edb\diagnostic_matrix.csv,diagnostic_runs\four_day_plan_20260501_125906\capacity_full135_40epoch\stage2_seed43_44\cap00_d64_h4_l2_ff128_do010_seed43\stdout.log,diagnostic_runs\four_day_plan_20260501_125906\capacity_full135_40epoch\stage2_seed43_44\cap00_d64_h4_l2_ff128_do010_seed43\stderr.log,2026-05-06 21:39:06,2026-05-07 03:52:49,64,4,2,128,0.1,True,True,True,learned,mse,False,False,5e-05,40,300,1,amp_fp16,data/market_state_csi300.pkl,0,True,valid_rank_ic,25,0.07963506863847285,True,0.07963506863847285,25,0.07377636740855138,0.005858701229921465,154.4106191948145,0.9954595877266834,0.11097112849364565,0.9999999999389244,0.0632929291982401,0.06329297011536622,0.022409365733257438,0.13787430249950877,0.36394024396586494,0.6360597560331349,0.01545784992597229,0.9429399816962584,0.178937917474639,0.09919593340538918,0.022409365733257438,0.11967445889247029,0.0026449416854719145,0.4838886634577646,-1.2498247825736657,0.005858701229921465,0.12109066849863283,0.0003356831151393085,1.0,8.314946525126166,0.0003356831151393085,1.0,1.1666256425043768,1.949514769894467e-11,2978.0,0.23191359700193018,0.045755472765860505,0.2539859653104542,0.06259467741635318,0.1363191492497566,0.0796389624873134,0.13653265547093293,0.6546644844517185,0.45917743589839,0.5832960782357897,0.08103224734691,-0.03140892579531446,0.08024445672903711,0.014757485807101811,0.009716802667357704,0.0241797490504482,-0.19073424658929852,0.19091099613944706,0.3462141500745446,0.15530315393509753,1.9394690279421478,-0.11113703907870537,0.009716802667357704,0.3265057016563448,0.0208983254527228,0.029373882473555477,0.0098374301635029,0.055961544969900495,0.041120865958008804,0.0,0.8188035578513401,0.2753974973654656,0.0,0.8655810871705681,0.32405366204715597,0.8433660079531505,0.6759463501103381,0.0,0.7860438509580546,0.24060679211261424,1.1695322888962767,0.7593932231787573,0.7246025026345344,0.07390687090544293,-0.28265149637972226,0.1718843594425777,-0.23607467510091693,-0.03632667147511523,-0.18789449401074587,0.0,4.936443757308486,4.926096439361572,4.949256420135498,0.0004678783994732481,0.00838286248401977,-0.07708175858506593,0.07228711711768446,-0.25583943965703093,manifest,,,,,,,,,,,,,,,,,,,,,,,,,,,
diagnostic_manifest,diagnostic_runs\four_day_plan_20260501_125906\capacity_full135_40epoch\stage2_seed43_44\cap00_d64_h4_l2_ff128_do010_seed44\manifest.json,cap00_d64_h4_l2_ff128_do010_seed44,cap00_d64_h4_l2_ff128_do010,44,0,C:\Users\60585\PycharmProjects\qibMacV2\mlruns\831709460167705541\c57ef9a59d1e4f8da9a9c12f07e121c1\diagnostic_matrix.csv,diagnostic_runs\four_day_plan_20260501_125906\capacity_full135_40epoch\stage2_seed43_44\cap00_d64_h4_l2_ff128_do010_seed44\stdout.log,diagnostic_runs\four_day_plan_20260501_125906\capacity_full135_40epoch\stage2_seed43_44\cap00_d64_h4_l2_ff128_do010_seed44\stderr.log,2026-05-08 04:16:55,2026-05-08 10:25:27,64,4,2,128,0.1,True,True,True,learned,mse,False,False,5e-05,40,300,1,amp_fp16,data/market_state_csi300.pkl,0,True,valid_rank_ic,18,0.0723761509854969,True,0.0723761509854969,18,0.06743614139277532,0.004940009592721589,150.2440382735789,0.9900511180063378,0.13933791272590054,0.9999999977113575,0.06331217837690287,0.06331287236816292,0.08074533112409404,0.12524031586454,0.34736982661775984,0.6526301733812401,0.014577946515141113,0.9400596392330288,0.1780537430764025,0.09709074398207002,0.08074533112409404,0.11364205627292151,0.00373633057819105,0.4675696556400003,-1.2527859632315472,0.004940009592721589,0.1192156670997849,0.000671366230278617,2.0,6.960864269586503,0.000671366230278617,2.0,1.1659425679930668,2.3114986910655057e-11,2977.0,0.22755162193295778,0.045755472765860505,0.2620875581781915,0.06144137085946531,0.13781583636889003,0.07237689787356799,0.13425852689534035,0.6481178396072013,0.4458222834058483,0.5390860420358146,0.07313219291756022,-0.011547001401728523,0.07280219778616924,0.016146334933100435,0.009583004589216196,0.024809694705847814,-0.1850586495461568,0.15928349085164634,0.31451389435761035,0.155230403505964,1.571942615269592,-0.07188818675100475,0.009583004589216196,0.32635349601713526,0.027405769600394536,0.023657440530792544,0.015688562212578104,0.04965384807383453,0.05100156212246533,0.0,0.8005227611282686,0.25575694415586214,0.0,0.7933449019874567,0.2608440752383535,1.120623849222586,0.7391559405529753,0.0,0.8160463055495154,0.2588204777572432,1.0679086538461537,0.7411795339978463,0.7442430558441379,0.06117498479632707,-0.28141408370383114,0.1340844298332142,-0.22861863373773753,-0.10610299444292756,-0.26456557455962454,0.0,4.941813735837047,4.9376749992370605,4.945395469665527,0.00015596909956498578,0.002147715635046303,0.08183741419006436,0.16935977237285638,0.05259984752131924,manifest,,,,,,,,,,,,,,,,,,,,,,,,,,,
diagnostic_manifest,diagnostic_runs\four_day_plan_20260501_125906\capacity_full135_40epoch\stage2_seed43_44\cap01_d64_h4_l2_ff256_do015_seed43\manifest.json,cap01_d64_h4_l2_ff256_do015_seed43,cap01_d64_h4_l2_ff256_do015,43,0,C:\Users\60585\PycharmProjects\qibMacV2\mlruns\990482449780324458\a321b76871fa40a1a3023797f55d809c\diagnostic_matrix.csv,diagnostic_runs\four_day_plan_20260501_125906\capacity_full135_40epoch\stage2_seed43_44\cap01_d64_h4_l2_ff256_do015_seed43\stdout.log,diagnostic_runs\four_day_plan_20260501_125906\capacity_full135_40epoch\stage2_seed43_44\cap01_d64_h4_l2_ff256_do015_seed43\stderr.log,2026-05-07 03:52:49,2026-05-07 10:15:04,64,4,2,256,0.15,True,True,True,learned,mse,False,False,5e-05,40,300,1,amp_fp16,data/market_state_csi300.pkl,0,True,valid_rank_ic,25,0.07406322167523047,True,0.07406322167523047,25,0.06742955578271605,0.00663366589251442,157.99837899040625,0.9999979734451644,0.06370814250586873,0.9999480026317212,0.06551049196438535,0.06551126889481096,0.03648566556148402,0.12635455461202114,0.34714032916567056,0.6528596708333294,0.01792338552371082,0.9451043577514187,0.1736141545195041,0.09583007260157121,0.03648566556148402,0.11032360559862882,0.005479284632646718,0.4236762363545087,-1.2608691831225252,0.00663366589251442,0.12018895700178418,0.0,0.0,7.189820199827422,0.0,0.0,1.1666256425043768,1.8638324031372555e-11,2979.0,0.22408693946820452,0.045755472765860505,0.25098295570785595,0.05895280407455394,0.13914587782883486,0.07406691170862302,0.1387791309529459,0.6579378068739771,0.42367625253744523,0.5337035273245512,0.07518474989384784,-0.04526032790887184,0.07410913948647979,0.005967870823219951,0.008973499622848342,0.023998343112941464,-0.18882252632358723,0.15785363438698605,0.3137410557199595,0.15588742133297348,1.6211861976060489,-0.09791805131904552,0.008973499622848342,0.32773455614698427,0.015369958163145639,0.029423515691812722,0.005308622768329538,0.056265914798125594,0.046920789428148604,0.0,0.8646160564287481,0.30141982303833736,0.0,0.9154639625510296,0.35938986477407026,0.6558424329991817,0.6406101478102164,0.0,0.8243941815902286,0.2610133560755444,1.0464338686579377,0.7389866583378537,0.6985801769616626,0.05393103679559259,-0.288720610725576,-0.043828272099266576,-0.22681593900740785,-0.06143471689338449,-0.19913863535809,-0.011578559875488281,4.933822233821289,4.918376922607422,4.949256420135498,0.0006238282328904277,0.010358364855723097,-0.0901513808088478,0.06212468700544188,-0.11908228365118564,manifest,,,,,,,,,,,,,,,,,,,,,,,,,,,
diagnostic_manifest,diagnostic_runs\four_day_plan_20260501_125906\capacity_full135_40epoch\stage2_seed43_44\cap01_d64_h4_l2_ff256_do015_seed44\manifest.json,cap01_d64_h4_l2_ff256_do015_seed44,cap01_d64_h4_l2_ff256_do015,44,0,C:\Users\60585\PycharmProjects\qibMacV2\mlruns\966432381987661662\031cbca339604ad4ad3bca3c37930788\diagnostic_matrix.csv,diagnostic_runs\four_day_plan_20260501_125906\capacity_full135_40epoch\stage2_seed43_44\cap01_d64_h4_l2_ff256_do015_seed44\stdout.log,diagnostic_runs\four_day_plan_20260501_125906\capacity_full135_40epoch\stage2_seed43_44\cap01_d64_h4_l2_ff256_do015_seed44\stderr.log,2026-05-08 10:25:28,2026-05-08 16:47:53,64,4,2,256,0.15,True,True,True,learned,mse,False,False,5e-05,40,300,1,amp_fp16,data/market_state_csi300.pkl,0,True,valid_rank_ic,25,0.07811993871956337,True,0.07811993871956337,25,0.07573933776649167,0.0023806009530717015,157.83221119430658,0.9997900840479409,0.06770969476669744,0.9999999814678484,0.06333701925148666,0.06333693772527958,0.047111014273915265,0.1303986366314625,0.356450377340039,0.643549622658961,0.015339089231336955,0.9452664328284818,0.1721363620506371,0.09526220971258104,0.047111014273915265,0.1148783195696759,0.002507349723883646,0.4704278496264487,-1.2547232450508785,0.0023806009530717015,0.10977269030594133,0.0003356831151393085,1.0,6.479427656362147,0.0003356831151393085,1.0,1.1659425679930668,2.0371225822879425e-11,2978.0,0.2189405837608048,0.045755472765860505,0.2618787799841448,0.06251043728605424,0.14365309339414783,0.0781186260026794,0.1420490096741649,0.646481178396072,0.43514856387075057,0.5499413630680678,0.07892486773541064,-0.03103093272663608,0.07802088006261776,0.020412652140201857,0.01008516573804429,0.025512443885399333,-0.1915353785484556,0.23328342286717138,0.3892051669118594,0.15592174404468803,2.2536675690703483,-0.07340847201619605,0.01008516573804429,0.327802707675312,0.03251316575389801,0.03201596013324727,0.018415697611553122,0.052674810989765244,0.0475455037319312,0.0,0.8907492400507948,0.3229573044097951,0.0,0.8859630310984173,0.3253991123648595,0.7859801746624386,0.6746009018046571,0.0,0.816961888790911,0.25930361222908654,1.0659860963712153,0.7406964021111471,0.6770426955902049,0.061831021494343205,-0.4032899994265636,0.004090758677434646,-0.33188190787033606,-0.029643559283067687,-0.18620922222555414,-0.015437602996826172,4.924207614798788,4.914517879486084,4.933815002441406,0.0003898408677842882,0.008142106348710463,-0.08119246633842,0.030973167395961274,0.01156859333924708,manifest,,,,,,,,,,,,,,,,,,,,,,,,,,,
diagnostic_manifest,diagnostic_runs\four_day_plan_20260501_125906\capacity_full135_40epoch\stage2_seed43_44\cap02_d80_h4_l2_ff320_do015_seed43\manifest.json,cap02_d80_h4_l2_ff320_do015_seed43,cap02_d80_h4_l2_ff320_do015,43,0,C:\Users\60585\PycharmProjects\qibMacV2\mlruns\594471764185722698\d3609f7d39aa4f30b35a80a81f8bfa19\diagnostic_matrix.csv,diagnostic_runs\four_day_plan_20260501_125906\capacity_full135_40epoch\stage2_seed43_44\cap02_d80_h4_l2_ff320_do015_seed43\stdout.log,diagnostic_runs\four_day_plan_20260501_125906\capacity_full135_40epoch\stage2_seed43_44\cap02_d80_h4_l2_ff320_do015_seed43\stderr.log,2026-05-07 10:15:04,2026-05-08 04:16:55,80,4,2,320,0.15,True,True,True,learned,mse,False,False,5e-05,40,300,1,amp_fp16,data/market_state_csi300.pkl,0,True,valid_rank_ic,22,0.07707812227720465,True,0.07707812227720465,22,0.07326252043277415,0.0038156018444304995,157.49334929383247,0.9993655133461887,0.07044684469837792,0.9999997298380796,0.06346618514453131,0.06346335817154672,0.04993196060978157,0.11109534581047703,0.3269061682756611,0.6730938317233389,0.015227601743027348,0.9479911404428623,0.16698365259775358,0.09143887299269975,0.04993196060978157,0.11176027048458444,0.0031094749927860657,0.47096233490691186,-1.2621812899371403,0.0038156018444304995,0.11664062220869081,0.0,0.0,6.485984100216521,0.0,0.0,1.1666256425043768,1.949514769894467e-11,2979.0,0.22259843153375714,0.045755472765860505,0.25094679412592064,0.06758217382843666,0.1418037288429306,0.0770803902665886,0.1391486930274891,0.6710310965630114,0.47658953949860017,0.5539426105235584,0.07801593409964658,-0.015670307503006676,0.07682647971849496,0.01812878444577445,0.0110640816145966,0.02572228192604381,-0.19292532317054356,0.20699665457476296,0.3621312701172547,0.15513461554249175,1.8707063552913705,-0.07731038270797891,0.0110640816145966,0.32615182546875315,0.013002045234698056,0.03995580306815754,0.00035783266083221077,0.03736802702320377,0.04679874084367232,0.0,0.9281203835600664,0.3826946191532783,0.0,0.9824577213894521,0.46034932195067213,0.23858892312806873,0.5396506899019701,0.0,0.7690991400306627,0.2298344051047745,1.226305572959288,0.7701656071624662,0.6173053808467217,0.05040197400304064,-0.4492581363526603,0.09765690719957325,-0.38220100682810215,-0.02595104957278986,-0.1895891301705947,-0.0038590431213378906,4.931699214317209,4.926096439361572,4.9376749992370605,0.00023391030051491478,0.004910599205966708,0.008896760655801157,0.07368235384801534,-0.14236644242684166,manifest,,,,,,,,,,,,,,,,,,,,,,,,,,,
diagnostic_manifest,diagnostic_runs\four_day_plan_20260501_125906\capacity_full135_40epoch\stage2_seed43_44\cap02_d80_h4_l2_ff320_do015_seed44\manifest.json,cap02_d80_h4_l2_ff320_do015_seed44,cap02_d80_h4_l2_ff320_do015,44,0,C:\Users\60585\PycharmProjects\qibMacV2\mlruns\652638798351033261\43095c52aa014efb916f1d36cb48bb12\diagnostic_matrix.csv,diagnostic_runs\four_day_plan_20260501_125906\capacity_full135_40epoch\stage2_seed43_44\cap02_d80_h4_l2_ff320_do015_seed44\stdout.log,diagnostic_runs\four_day_plan_20260501_125906\capacity_full135_40epoch\stage2_seed43_44\cap02_d80_h4_l2_ff320_do015_seed44\stderr.log,2026-05-08 16:47:53,2026-05-09 11:07:18,80,4,2,320,0.15,True,True,True,learned,mse,False,False,5e-05,40,300,1,amp_fp16,data/market_state_csi300.pkl,0,True,valid_rank_ic,18,0.07900573887492246,True,0.07900573887492246,18,0.07422388292399905,0.004781855950923411,156.45702136460892,0.998061486037819,0.08643372514884823,0.99997294866821,0.06591531933448035,0.06590405548478825,0.0272410914002377,0.12846847666998062,0.3549486696806762,0.6450513303183237,0.01527945908417532,0.9465248968129072,0.16917068634407806,0.0912236173541183,0.0272410914002377,0.12031290685657393,0.0036821713819404807,0.4488156916873356,-1.2484637609255391,0.004781855950923411,0.1161694141324633,0.0003356831151393085,1.0,6.056563105380378,0.0003356831151393085,1.0,1.1659425679930668,2.3114986910655057e-11,2978.0,0.2248784705831445,0.045755472765860505,0.27149536332600244,0.06612720980542079,0.14752994937487074,0.07900580974698307,0.14496286082974538,0.6513911620294599,0.4482290550876069,0.5450072473374616,0.0795915470304084,-0.03602074969300924,0.07824028860767412,0.015104297144404207,0.010575298498382369,0.02655705319452454,-0.19878996907426116,0.2007778358959388,0.35698199145584814,0.15620415555990932,1.951953534412605,-0.06932335737313389,0.010575298498382369,0.3283978431856139,0.0024496298528676047,0.027810016018039868,0.0017969066491431984,0.04345006763869695,0.041806006622134725,0.0,0.9091193217359482,0.35964708864136075,0.0,0.9431183295242135,0.39538188020160664,0.47538934635842883,0.6046181332850418,0.0,0.920592528123122,0.3506536224762469,0.6425301759410802,0.6493463888886322,0.6403529113586393,0.045188511878184144,-0.48538268463995293,0.07453126833089492,-0.4551486962738732,-0.02401525446109865,-0.19408150478135502,-0.0038595199584960938,4.9206446625792255,4.918376922607422,4.926096439361572,0.0001559498334171796,0.0030061810266669288,-0.05067518141952085,0.014925509598745798,0.20081775714779948,manifest,,,,,,,,,,,,,,,,,,,,,,,,,,,
diagnostic_manifest,diagnostic_runs\four_day_plan_20260501_125906\capacity_full135_40epoch\stage3_aggressive_seed42\cap09_d128_h8_l2_ff384_do020\manifest.json,cap09_d128_h8_l2_ff384_do020,cap09_d128_h8_l2_ff384_do020,42,0,C:\Users\60585\PycharmProjects\qibMacV2\mlruns\931441703756839387\c62258af036c45ffad74cc0a8b152574\diagnostic_matrix.csv,diagnostic_runs\four_day_plan_20260501_125906\capacity_full135_40epoch\stage3_aggressive_seed42\cap09_d128_h8_l2_ff384_do020\stdout.log,diagnostic_runs\four_day_plan_20260501_125906\capacity_full135_40epoch\stage3_aggressive_seed42\cap09_d128_h8_l2_ff384_do020\stderr.log,2026-05-09 11:07:18,2026-05-09 23:28:28,128,8,2,384,0.2,True,True,True,learned,mse,False,False,5e-05,40,300,1,amp_fp16,data/market_state_csi300.pkl,0,True,valid_rank_ic,17,0.0757068579946541,True,0.0757068579946541,17,0.06199633701341937,0.01371052098123473,157.9598269250542,0.9999497676480069,0.06619794683977873,0.9998272665257879,0.06774839864974803,0.06761111087731317,0.022203868195568344,0.14271517398831163,0.3736684888904901,0.6263315111085097,0.017323651363228717,0.9458126905701945,0.17015356852165417,0.09240348596863583,0.022203868195568344,0.12282964256752142,0.004612558865752405,0.4670739185698836,-1.2011181809230933,0.01371052098123473,0.14290228131144794,0.0003356831151393085,1.0,5.222394263615594,0.0003356831151393085,1.0,1.1656505451501715,2.2181145428734616e-11,2978.0,0.24668584633449772,0.045755472765860505,0.32843127461385024,0.06541681107992545,0.15193746999064234,0.07570250523851765,0.15315136567967944,0.6530278232405892,0.4305508778312183,0.4942985973553227,0.0761158951689455,-0.017964576626534334,0.07470222184552182,0.028860083502274887,0.010081620452126851,0.02659313050287954,-0.2343815418021979,0.21222303395051278,0.3678978713154429,0.1556748373649301,1.8683880508448147,-0.08778060224008205,0.010081620452126851,0.3272852086783662,0.006595174286649075,0.051447468568911615,0.004647128012134183,0.0409985456798268,0.05097109183536089,0.0,0.9475926176113992,0.42546533968561806,0.0,0.943426603966571,0.41868875467152916,0.47715547002864156,0.5813112596443164,0.004909983633387889,0.9782577710143868,0.4929350485290521,0.2455087714811784,0.5070649634211426,0.5745346603143819,0.06787203745292571,-0.439716364665584,0.0460243757828854,-0.37169181106479776,0.005165136538369474,-0.19374412424946905,-0.023157119750976562,4.930078780397456,4.899083614349365,4.96083927154541,0.0012475890342635338,0.023523234497468737,-0.04058295552786914,0.13695317333156135,-0.2761067470715992,manifest,,,,,,,,,,,,,,,,,,,,,,,,,,,
diagnostic_manifest,diagnostic_runs\four_day_plan_20260501_125906\capacity_full135_40epoch\stage3_aggressive_seed42\cap10_d128_h8_l2_ff512_do025\manifest.json,cap10_d128_h8_l2_ff512_do025,cap10_d128_h8_l2_ff512_do025,42,0,C:\Users\60585\PycharmProjects\qibMacV2\mlruns\112808136313030517\fce8848c099c460ab65f8c817b92f829\diagnostic_matrix.csv,diagnostic_runs\four_day_plan_20260501_125906\capacity_full135_40epoch\stage3_aggressive_seed42\cap10_d128_h8_l2_ff512_do025\stdout.log,diagnostic_runs\four_day_plan_20260501_125906\capacity_full135_40epoch\stage3_aggressive_seed42\cap10_d128_h8_l2_ff512_do025\stderr.log,2026-05-09 23:28:28,2026-05-10 12:11:43,128,8,2,512,0.25,True,True,True,learned,mse,False,False,5e-05,40,300,1,amp_fp16,data/market_state_csi300.pkl,0,True,valid_rank_ic,17,0.07666618937200623,True,0.07666618937200623,17,0.06881147014895303,0.007854719223053197,157.9190473638476,0.9998987430076811,0.06618553962780807,0.9999999870323008,0.06333854753279267,0.06333634740544951,0.037664179864957154,0.14211477777446327,0.3717185961142756,0.6282814038847244,0.016065391947388794,0.946051135683606,0.17168517813159676,0.09396478011838348,0.037664179864957154,0.12081354496765839,0.0032064092405471585,0.44750239637820205,-1.2000896933783889,0.007854719223053197,0.1314165053932911,0.0003356831151393085,1.0,4.92007630633155,0.0003356831151393085,1.0,1.1656505451501715,2.126655840040126e-11,2978.0,0.2406164849912932,0.045755472765860505,0.3335232648833879,0.06533712092966709,0.14658508106652982,0.07666379496896569,0.14714777968997017,0.6448445171849427,0.445728313238186,0.5209986527183136,0.07702084330300943,-0.04119127718137925,0.07609691213384942,0.01990635537739894,0.009690195584590448,0.02664906077729988,-0.2042986729342211,0.16639435673207653,0.3224098488876164,0.1560154921555399,1.519312117689967,-0.07892556238784681,0.009690195584590448,0.32800008449622486,0.014418915622133599,0.04682515733871108,0.005524108362324406,0.034592902846666676,0.025863919910403363,0.0,0.9363451030464531,0.5126387051604708,0.0,0.9450193888426998,0.4061373305886545,0.4770995294599018,0.5938626803860142,0.008183306055646482,0.9615806120702366,0.5773466198221946,0.3844435671542553,0.4226533898233197,0.48736129483952917,0.0704205784747375,-0.42291725522813556,0.1386456694238963,-0.36471529933644464,0.03095004737426617,-0.1602278173483984,-0.0771794319152832,4.915875018130738,4.879794597625732,4.9531168937683105,0.0014812585079308712,0.02949023548228114,0.011330071935955551,0.057653584971904336,0.038776409036673176,manifest,,,,,,,,,,,,,,,,,,,,,,,,,,,
diagnostic_manifest,diagnostic_runs\four_day_plan_20260501_125906\capacity_full135_40epoch\stage3_aggressive_seed42\cap11_d128_h4_l2_ff512_do020\manifest.json,cap11_d128_h4_l2_ff512_do020,cap11_d128_h4_l2_ff512_do020,42,0,C:\Users\60585\PycharmProjects\qibMacV2\mlruns\472497830545691626\13250c916ffd4ed69c25c2768350084d\diagnostic_matrix.csv,diagnostic_runs\four_day_plan_20260501_125906\capacity_full135_40epoch\stage3_aggressive_seed42\cap11_d128_h4_l2_ff512_do020\stdout.log,diagnostic_runs\four_day_plan_20260501_125906\capacity_full135_40epoch\stage3_aggressive_seed42\cap11_d128_h4_l2_ff512_do020\stderr.log,2026-05-10 12:11:43,2026-05-10 22:41:13,128,4,2,512,0.2,True,True,True,learned,mse,False,False,5e-05,40,300,1,amp_fp16,data/market_state_csi300.pkl,0,True,valid_rank_ic,17,0.07756485817302625,True,0.07756485817302625,17,0.07071944517711849,0.006845412995907754,157.66393589814368,0.9995792042560476,0.06877570946702646,0.9999999969241837,0.0633082818943641,0.06330645874612852,0.026648245079178484,0.13328453893033132,0.36228788210703,0.63771211789197,0.016228762256368726,0.945828668712204,0.1721452003658891,0.09560595668620642,0.026648245079178484,0.12142784797179523,0.003619251349490647,0.4257263289136608,-1.2168937747831485,0.006845412995907754,0.1336643340824012,0.0003356831151393085,1.0,4.8798273553098435,0.0003356831151393085,1.0,1.1656505451501715,1.949514769894467e-11,2978.0,0.2448118682994503,0.045755472765860505,0.3061279696450491,0.06481755686181763,0.14633170047440353,0.07756069819022336,0.14714749184313272,0.6563011456628478,0.4429495225687996,0.5270949386817093,0.07796369407894285,-0.03414341473598389,0.07705084139109543,0.029583777537809608,0.009800811686496663,0.026043170720720564,-0.20939914733658518,0.15171129445394826,0.30820784065161283,0.15649654619766457,1.3750037136175788,-0.0968018748027635,0.009800811686496663,0.3290110513705379,0.019152649467064353,0.04716021692505493,0.011603197276587748,0.04232871084452278,0.04234934678687431,0.0,0.9479842118334912,0.42990800009486585,0.0,0.9445829112479027,0.40224355178749505,0.4752590847483633,0.5977564613821074,0.0032733224222585926,0.983942085660616,0.513541420479648,0.20624328713175122,0.4864585895316886,0.5700919999051342,0.06951390528631993,-0.37551116070371704,0.11464482978670795,-0.2998047685710543,0.025423382843518673,-0.18577704055247707,-0.08102846145629883,4.907355786930715,4.868223190307617,4.949256420135498,0.0016370349460177952,0.03096570996903317,3.623790719216094e-05,0.052809138718636676,-0.03797861718611462,manifest,,,,,,,,,,,,,,,,,,,,,,,,,,,
diagnostic_manifest,diagnostic_runs\four_day_plan_20260501_125906\matrix_40epoch_seed42\base\manifest.json,base,base,42,0,C:\Users\60585\PycharmProjects\qibMacV2\mlruns\662335838392804238\13c7b183255b4d00905b27b61ef4b5d8\diagnostic_matrix.csv,diagnostic_runs\four_day_plan_20260501_125906\matrix_40epoch_seed42\base\stdout.log,diagnostic_runs\four_day_plan_20260501_125906\matrix_40epoch_seed42\base\stderr.log,2026-05-01 22:10:56,2026-05-02 03:54:03,,,,,,False,False,True,learned,,,,5e-05,40,300,1,amp_fp16,data/market_state_csi300.pkl,0,True,valid_rank_ic,15,0.0712402230806313,True,0.0712402230806313,15,0.06761946221199686,0.003620760868634443,157.7436308599319,0.9996792216887642,0.07291897336023972,0.9999877805404254,0.06451990842929405,0.06452539089903564,,0.12090156404006483,0.33721151874149574,0.6627884812575042,,,,,,,,,-1.285646531636688,0.003620760868634443,0.10637678638931677,0.0003356831151393085,1.0,5.043574006013082,0.0003356831151393085,1.0,1.1656505451501715,2.4068082846162577e-11,2978.0,0.20475623062610146,0.045755472765860505,0.2077822521353314,0.06319144598961643,0.13729023225192155,0.0712363734733636,0.132146080176818,0.6546644844517185,0.46027634270195494,0.5390729212553699,0.07195342043340304,-0.04110654829289762,0.07279277951672675,0.004305308000571449,0.009620381124796264,0.024883418541575015,-0.1852884586626984,0.13819982385911228,0.2934247829239067,0.15522495906479444,1.369382467760407,-0.06317351126694892,0.009620381124796264,0.3263388916991365,0.017009250242995717,0.03597339265445151,0.02205189338793575,0.02131841628976333,0.03377152153684092,0.0,0.8400815236046683,0.3118118483423211,0.0,0.8938430069706443,0.35813307506070396,0.7071311438727496,0.6418669352554845,0.01800327332242226,0.7738728587639118,0.24901782959675242,1.18483842765446,0.7509821846520257,0.6881881516576789,0.05584288468744489,-0.08384287741774316,0.29697770459419515,-0.04404162785503775,-0.06021348222969814,-0.30447017768204077,,,,,,,,,,manifest,,,,,,,,,,,,,,,,,,,,,,,,,,,
diagnostic_manifest,diagnostic_runs\four_day_plan_20260501_125906\matrix_40epoch_seed42\film_only\manifest.json,film_only,film_only,42,0,C:\Users\60585\PycharmProjects\qibMacV2\mlruns\205607788562772697\813f51a773304377b3344a8ba389e9d3\diagnostic_matrix.csv,diagnostic_runs\four_day_plan_20260501_125906\matrix_40epoch_seed42\film_only\stdout.log,diagnostic_runs\four_day_plan_20260501_125906\matrix_40epoch_seed42\film_only\stderr.log,2026-05-02 09:43:59,2026-05-02 15:44:03,,,,,,False,True,True,learned,,,,5e-05,40,300,1,amp_fp16,data/market_state_csi300.pkl,0,True,valid_rank_ic,17,0.0767872855431077,True,0.0767872855431077,17,0.057560462847396604,0.01922682269571109,157.955015972846,0.9999437533054996,0.066358312260015,0.9999955855038238,0.06416187754336028,0.06415544786091566,0.04157750044055294,0.1218517737443312,0.3384723685704689,0.6615276314285311,0.009518566549757157,0.9462472033578714,0.1743336403574764,0.09697909519051959,0.04157750044055294,0.09582913621235792,0.005111194000613222,0.5404091942220655,-1.2356107383209238,0.01922682269571109,0.14325004073849346,0.0003356831151393085,1.0,6.816174557260988,0.0003356831151393085,1.0,1.1656505451501715,2.2181145428734616e-11,2978.0,0.24200638191297416,0.045755472765860505,0.2539577952383388,0.06415816962817701,0.1375481528482374,0.07678603656652373,0.1313845867861541,0.6677577741407529,0.4664415210211175,0.5844371736808308,0.07719481890183204,-0.013555969518572191,0.07675718833887406,0.024999341458214853,0.010087269496282414,0.024413749819575004,-0.17513382135716676,0.17978762461217418,0.3349619064519467,0.1551742818397725,1.5752258414392195,-0.07484343672085791,0.010087269496282414,0.32623358491936216,0.029722647997316658,0.03929929791930521,0.01822573085617607,0.043656057060164635,0.036949563425658444,0.0,0.807584101298859,0.2650546659229235,0.0,0.8516930532923697,0.29848747730937997,0.9003718449519231,0.7015125356895053,0.0,0.7283604592816529,0.20976652184260458,1.3528299534574468,0.7902334908514288,0.7349453340770765,0.05397933223424952,-0.16555967132097132,0.19023727115809433,-0.1067658132985694,-0.060042792035651965,-0.32252595062870204,,,,,,,,,,manifest,,,,,,,,,,,,,,,,,,,,,,,,,,,
diagnostic_manifest,diagnostic_runs\four_day_plan_20260501_125906\matrix_40epoch_seed42\fixed_router_05\manifest.json,fixed_router_05,fixed_router_05,42,0,C:\Users\60585\PycharmProjects\qibMacV2\mlruns\868729932898585167\d0c107064f1b4768b07572a485096d3a\diagnostic_matrix.csv,diagnostic_runs\four_day_plan_20260501_125906\matrix_40epoch_seed42\fixed_router_05\stdout.log,diagnostic_runs\four_day_plan_20260501_125906\matrix_40epoch_seed42\fixed_router_05\stderr.log,2026-05-02 21:42:54,2026-05-03 03:32:19,,,,,,True,True,True,fixed_05,,,,5e-05,40,300,1,amp_fp16,data/market_state_csi300.pkl,0,True,valid_rank_ic,17,0.07707132106127333,True,0.07707132106127333,17,0.06974822454236485,0.007323096518908487,157.89943830333345,0.9998742396086782,0.0689558937064017,0.9999980346127967,0.06374537028537572,0.06374001559561865,0.052296026803634994,0.11689976731740132,0.3404727557222702,0.6595272442767298,0.013757171428651105,0.9435245114730735,0.17742191557505713,0.09701110011670866,0.052296026803634994,0.11111950481069653,0.004172106448744471,0.4386880922345065,-1.2792117642753744,0.007323096518908487,0.11075105661540022,0.000671366230278617,2.0,9.088051384024167,0.000671366230278617,2.0,1.1656505451501715,2.3114986910655057e-11,2977.0,0.21024810391490434,0.045755472765860505,0.21497421139781098,0.06754494267592283,0.13492695071471353,0.07707132031873405,0.13378349181104904,0.6710310965630114,0.5006037883323867,0.5760899141994799,0.07731081798027277,-0.03676845490469445,0.07663990258890885,0.02377107270226763,0.0110194490454274,0.023889840436833887,-0.18012625617750697,0.1549206254377406,0.30933449316304473,0.15441386772530413,1.5348429773576733,-0.0835654354649816,0.0110194490454274,0.3246399455264698,0.006620439814395404,0.03329819579243083,0.007738735972912886,0.029066113064842178,0.04079363445463932,0.0,1.0000000027478353,0.5,0.0,1.0,0.5,0.0,0.5,0.0,1.0,0.5,0.0,0.5,0.5,0.0,,,,,,-0.003860950469970703,4.956365142828509,4.949256420135498,4.964699745178223,0.00031198636449948706,0.0068279984696185785,0.03696902993691561,0.1863669139946991,-0.005660508699077374,manifest,,,,,,,,,,,,,,,,,,,,,,,,,,,
diagnostic_manifest,diagnostic_runs\four_day_plan_20260501_125906\matrix_40epoch_seed42\full_135\manifest.json,full_135,full_135,42,0,C:\Users\60585\PycharmProjects\qibMacV2\mlruns\325032212672679181\ae50cd15f54f49589865170d35f2014d\diagnostic_matrix.csv,diagnostic_runs\four_day_plan_20260501_125906\matrix_40epoch_seed42\full_135\stdout.log,diagnostic_runs\four_day_plan_20260501_125906\matrix_40epoch_seed42\full_135\stderr.log,2026-05-01 16:04:13,2026-05-01 22:10:56,,,,,,True,True,True,learned,,,,5e-05,40,300,1,amp_fp16,data/market_state_csi300.pkl,0,True,valid_rank_ic,17,0.07913594334986097,True,0.07913594334986097,17,0.07007508365532826,0.009060859694532714,157.56688672698994,0.9994577783402324,0.07316709921341655,0.9999999999653759,0.06329188129385349,0.06329191335925202,0.0806604578259937,0.12740854657408202,0.35107555152283726,0.6489244484761627,0.010581687259687486,0.9453797267228609,0.17770182571805246,0.09811728822033847,0.0806604578259937,0.08744767049720752,0.003786953003977536,0.45820424817024324,-1.2444016674350442,0.009060859694532714,0.1208131819940776,0.0003356831151393085,1.0,7.95184714109827,0.0003356831151393085,1.0,1.1656505451501715,2.0371225822879425e-11,2978.0,0.23040787875152105,0.045755472765860505,0.26454604628043166,0.07051988516857385,0.14580262164419552,0.07913506646550444,0.1439836336925945,0.6644844517184942,0.4836667844057335,0.5496115387284783,0.07993236726670552,-0.01355395247614645,0.07963431045644867,0.03331152874863933,0.01118243661950725,0.026606742463768634,-0.20312989512794857,0.17787491766501612,0.33318484966573586,0.15530993200071974,1.564012034553269,-0.09847608697301419,0.01118243661950725,0.32651886274641506,0.018499223225072026,0.040129730355100646,0.011600357427195687,0.04775891412543733,0.06419898925223723,0.0,0.8970167185085561,0.3291882635554654,0.0,0.8592680070287076,0.3033779852714164,0.9016680678447218,0.6966220287517713,0.0,0.9209278582941296,0.34867986334326223,0.6618320696092471,0.6513201467534329,0.6708117364445346,0.06413817537464639,-0.14858345615635898,0.12140982924496613,-0.08098811093980063,-0.03408080027105131,-0.30949377018527485,0.0,4.953629002048224,4.945395469665527,4.96083927154541,0.00031199599757339013,0.005936767511447765,0.03922644553410787,0.23567697856791867,-0.22939652840686373,manifest,,,,,,,,,,,,,,,,,,,,,,,,,,,
diagnostic_manifest,diagnostic_runs\four_day_plan_20260501_125906\matrix_40epoch_seed42\no_layer_summary\manifest.json,no_layer_summary,no_layer_summary,42,0,C:\Users\60585\PycharmProjects\qibMacV2\mlruns\590194973191721631\023b168ef8f44fbea8ea7760fd79f118\diagnostic_matrix.csv,diagnostic_runs\four_day_plan_20260501_125906\matrix_40epoch_seed42\no_layer_summary\stdout.log,diagnostic_runs\four_day_plan_20260501_125906\matrix_40epoch_seed42\no_layer_summary\stderr.log,2026-05-02 15:44:03,2026-05-02 21:42:54,,,,,,True,True,False,learned,,,,5e-05,40,300,1,amp_fp16,data/market_state_csi300.pkl,0,True,valid_rank_ic,17,0.06907886055539827,True,0.06907886055539827,17,0.06405176286708716,0.005027097688311111,157.93409963614147,0.9999175930450689,0.06662393818634862,0.9999999999681272,0.06329151917737298,0.063291572358739,0.09899618675391023,0.11096220674631752,0.31678607980468193,0.6832139201943179,0.00906105193426854,0.9455876804997995,0.17782525562127952,0.09745800515877635,0.09899618675391023,0.07943692482678667,0.004055775270182523,0.4520804771705649,-1.2746874185456682,0.005027097688311111,0.11298539066627955,0.0003356831151393085,1.0,9.876568469949412,0.0003356831151393085,1.0,1.1656505451501715,2.2181145428734616e-11,2978.0,0.20440255863308787,0.045755472765860505,0.23054616775138093,0.06413817420894148,0.13456300055816126,0.06907886055539827,0.1341349952012838,0.6644844517184942,0.47664048767416917,0.514995064872803,0.06971902798164546,-0.020196166743551867,0.06912462146790253,0.022762587866751782,0.010286423776572367,0.02392264569373772,-0.19961434569167474,0.19304672562095002,0.3477233550345324,0.15467662941358237,1.8431914681712018,-0.07280791062389333,0.010286423776572367,0.3251906411570457,0.012322905707600022,0.03921688606083596,0.007992056663215744,0.02160090244147815,0.029129115056549817,0.0,0.8938872447871897,0.3521740564074727,0.0,0.9754300828651203,0.450900618066179,0.3017386328764321,0.5490993956399627,0.0,0.819315839418608,0.270717227932084,1.0542839287540917,0.7292827837254529,0.6478259435925273,0.07276623470527029,0.056195401881607994,0.04753046183727979,0.14551438562600055,0.07529762139622827,-0.03263689742484958,0.007721900939941406,4.95844403343388,4.9531168937683105,4.964699745178223,0.00023399699818004262,0.004546692981527668,0.037148266341639424,0.2838057818799873,-0.2508917246996041,manifest,,,,,,,,,,,,,,,,,,,,,,,,,,,
diagnostic_manifest,diagnostic_runs\four_day_plan_20260501_125906\matrix_40epoch_seed42\time_only\manifest.json,time_only,time_only,42,0,C:\Users\60585\PycharmProjects\qibMacV2\mlruns\857301447245886986\2959bb74fa5a4377a12df9d64cabbb60\diagnostic_matrix.csv,diagnostic_runs\four_day_plan_20260501_125906\matrix_40epoch_seed42\time_only\stdout.log,diagnostic_runs\four_day_plan_20260501_125906\matrix_40epoch_seed42\time_only\stderr.log,2026-05-02 03:54:03,2026-05-02 09:43:59,,,,,,True,False,True,learned,,,,5e-05,40,300,1,amp_fp16,data/market_state_csi300.pkl,0,True,valid_rank_ic,17,0.07196782919851456,True,0.07196782919851456,17,0.06599785755709782,0.005969971641416744,142.2454878353476,0.9792389957811706,0.16837621193382002,0.9987860069581658,0.08249059755888843,0.08404433469203895,,0.13380799416369205,0.3629023802317599,0.63709761976724,,,,,,,,,-1.2847989224003835,0.005969971641416744,0.09978376568303514,0.000671366230278617,2.0,8.556060363819388,0.000671366230278617,2.0,1.1656505451501715,2.2181145428734616e-11,2977.0,0.19165795087094034,0.045755472765860505,0.22647739042041734,0.06410698044886123,0.13239192732404712,0.07197022857139895,0.13124947158429964,0.6677577741407529,0.48422121910764804,0.548346806296843,0.07292572151018545,-0.02568689670865456,0.07275383173028956,0.029371135399703804,0.010002035648964418,0.024003173938985763,-0.18388789006071263,0.16087228342945784,0.31598322967079007,0.15511094624133223,1.575365601003654,-0.08591055525598756,0.010002035648964418,0.3261009802007368,0.03252864226494884,0.04619590647473946,0.01498165623007676,0.028143829014847778,0.02161850868254507,0.0,0.8975934355175086,0.457109292400254,0.0,0.9352004441223831,0.3906752054507916,0.5446989118760229,0.6093248046702917,0.01800327332242226,0.8615425352476622,0.5775995082824008,0.8094852029204174,0.42240050322880723,0.542890707599746,0.12859689550119424,0.07121538535190847,-0.2215201747034571,0.19107848661183774,0.10976756885577336,0.12775911040545113,0.003859996795654297,4.940821635157309,4.933815002441406,4.945395469665527,0.00023394883281052715,0.004699674699298324,0.08271673396380859,0.09517071802516985,-0.27286759847439584,manifest,,,,,,,,,,,,,,,,,,,,,,,,,,,
suite_csv,,cap08_d96_h4_l3_ff384_do020,cap08_d96_h4_l3_ff384_do020,,1,,,,,,,,,,,,,,,,,,,,,,,,,,,,,,,,,,,,,,,,,,,,,,,,,,,,,,,,,,,,,,,,,,,,,,,,,,,,,,,,,,,,,,,,,,,,,,,,,,,,,,,,,,,,,,,,,,,,,,,,,suite_csv_fill,diagnostic_runs\four_day_plan_20260501_125906\capacity_full135_40epoch\stage1_seed42\stage1_selection.csv,True,False,,,,,,,,,,,,,,,,,,,,,,,,
suite_csv,,cap08_d96_h4_l3_ff384_do020,cap08_d96_h4_l3_ff384_do020,42,1,,,,,,96,4,3,384,0.2,,,,,,,,,,,,,,,,,,,,,,,,,,,,,,,,,,,,,,,,,,,,,,,,,,,,,,,,,,,,,,,,,,,,,,,,,,,,,,,,,,,,,,,,,,,,,,,,,,,,,,,,,,,,,,,suite_csv_fill,diagnostic_runs\four_day_plan_20260501_125906\capacity_full135_40epoch\stage1_seed42\suite_summary.csv,,,,,,,,,,,24,674265,,,,,,,,,,,,,,
suite_csv,,full_135,full_135,,,,,,,,,,,,,,,,,,,,,,,,,,,,,,,,,,,,,,,,,,,,,,,,,,,,,,,,,,,,,,,,,,,,,,,,,,,,,,,,,,,,,,,,,,,,,,,,,,,,,,,,,,,,,,,,,,,,,,,,,,,suite_csv_fill,diagnostic_runs\print_only_formal_check\suite_diagnostic_summary.csv,,,,,,,,,,,,,,,,,,,,,,,,,,
suite_csv,,full_135,full_135,,0,C:\Users\60585\PycharmProjects\qibMacV2\mlruns\325032212672679181\0cea102512eb4ead9165d4bef08ff534\diagnostic_matrix.csv,,,,,,,,,,,,,,,,,,,,,,,,,,,,,,,,,,0.9985798412707088,,,,,,,,,,,,,0.03359321734264096,,,,,0.0,,0.000671366230278617,,4.090383874620602,0.000671366230278617,,,,2977.0,,,,0.06856772541945735,,0.07710432823767467,,,0.4863191855598778,0.5513286017123423,,,,,,,,0.21018343195055295,,,1.9104635802046284,-0.06843314790476968,,0.32688102225456606,,,,0.04645454554337422,,,,,,,,,,,,,,,0.6552555957467453,,,,,,,,,,,0.00038996609774502843,,,,,suite_csv_fill,diagnostic_runs\seed42_matrix_gradfix_20260430_2105\suite_diagnostic_summary.csv,,,,,,,,,,,,,,,,,,,,,,,,,,
suite_csv,,base,base,,0,C:\Users\60585\PycharmProjects\qibMacV2\mlruns\662335838392804238\d2e63b7839864c208de48b564eecd195\diagnostic_matrix.csv,,,,,,,,,,,,,,,,,,,,,,,,,,,,,,,,,,0.99951149603112,,,,,,,,,,,,,,,,,,0.003393291637794324,,0.0003356831151393085,,3.67166601258117,0.0003356831151393085,,,,2978.0,,,,0.05832380299112025,,0.06788440268535363,,,0.3951809974839154,0.4852508559407806,,,,,,,,0.1125068731819935,,,1.017740200315127,-0.09979016748767262,,0.3265718255733105,,,,0.03314633775519503,,,,,,,,,,,,,,,0.6957365744632902,,,,,,,,,,,,,,,,suite_csv_fill,diagnostic_runs\seed42_matrix_gradfix_20260430_2105\suite_diagnostic_summary.csv,,,,,,,,,,,,,,,,,,,,,,,,,,
suite_csv,,time_only,time_only,,0,C:\Users\60585\PycharmProjects\qibMacV2\mlruns\857301447245886986\5e458ead56d843b6bac14e3489a4ca5c\diagnostic_matrix.csv,,,,,,,,,,,,,,,,,,,,,,,,,,,,,,,,,,0.955204642571106,,,,,,,,,,,,,,,,,,0.002357857144360695,,0.000671366230278617,,8.46601767388581,0.000671366230278617,,,,2977.0,,,,0.062345508764057755,,0.07175480564496155,,,0.43377873522572885,0.5260382010456862,,,,,,,,0.15973566927086436,,,1.4245924606363245,-0.12329707397475484,,0.3247824806381914,,,,0.02425325909353978,,,,,,,,,,,,,,,0.535103035202068,,,,,,,,,,,0.0004677820687342172,,,,,suite_csv_fill,diagnostic_runs\seed42_matrix_gradfix_20260430_2105\suite_diagnostic_summary.csv,,,,,,,,,,,,,,,,,,,,,,,,,,
suite_csv,,film_only,film_only,,0,C:\Users\60585\PycharmProjects\qibMacV2\mlruns\205607788562772697\c33a8a47f7f14319a7f55fa848c50cd1\diagnostic_matrix.csv,,,,,,,,,,,,,,,,,,,,,,,,,,,,,,,,,,0.9999686165670948,,,,,,,,,,,,,0.05700276492714409,,,,,0.0,,0.0003356831151393085,,3.735712615186212,0.0003356831151393085,,,,2978.0,,,,0.062354770918580306,,0.07192317763806869,,,0.4379224026743531,0.5335026155951409,,,,,,,,0.1610171471417081,,,1.4451240101619043,-0.06876764952940109,,0.32589948794586576,,,,0.03631247493742254,,,,,,,,,,,,,,,0.7333917712488918,,,,,,,,,,,,,,,,suite_csv_fill,diagnostic_runs\seed42_matrix_gradfix_20260430_2105\suite_diagnostic_summary.csv,,,,,,,,,,,,,,,,,,,,,,,,,,
suite_csv,,no_layer_summary,no_layer_summary,,0,C:\Users\60585\PycharmProjects\qibMacV2\mlruns\590194973191721631\3049d3c013b54591a76de366e0366d83\diagnostic_matrix.csv,,,,,,,,,,,,,,,,,,,,,,,,,,,,,,,,,,0.999982167899569,,,,,,,,,,,,,0.03820072549075908,,,,,0.00636589654735123,,0.000671366230278617,,7.752973334392568,0.000671366230278617,,,,2977.0,,,,0.0604645637482205,,0.06317243664669321,,,0.4513816302398833,0.4746565924091005,,,,,,,,0.1236344432636533,,,1.1108231908144603,-0.12096647411008665,,0.3236436078289021,,,,0.01875585485850486,,,,,,,,,,,,,,,0.6454863353173589,,,,,,,,,,,0.00031198636449948706,,,,,suite_csv_fill,diagnostic_runs\seed42_matrix_gradfix_20260430_2105\suite_diagnostic_summary.csv,,,,,,,,,,,,,,,,,,,,,,,,,,
suite_csv,,fixed_router_05,fixed_router_05,,0,C:\Users\60585\PycharmProjects\qibMacV2\mlruns\868729932898585167\df53e63552ad4502a5b42c92d00d6733\diagnostic_matrix.csv,,,,,,,,,,,,,,,,,,,,,,,,,,,,,,,,,,0.9999838596067064,,,,,,,,,,,,,0.039554616459958655,,,,,0.005216097860735305,,0.000671366230278617,,6.926726722739538,0.000671366230278617,,,,2977.0,,,,0.0651630654086843,,0.07113857710740026,,,0.47407226957748044,0.52342630922699,,,,,,,,0.15498507408021225,,,1.4930583758400318,-0.09389516656369923,,0.3259841071421199,,,,0.033096454478306045,,,,,,,,,,,,,,,0.5,,,,,,,,,,,0.00046795546406447287,,,,,suite_csv_fill,diagnostic_runs\seed42_matrix_gradfix_20260430_2105\suite_diagnostic_summary.csv,,,,,,,,,,,,,,,,,,,,,,,,,,
repro_stdout,repro_runs\3675090_repro_20260429_202047,repro_3675090,repro_3675090,42,0,,,,2026-04-29T20:20:49.9033525+08:00,,,,,,,,,,,,,,,,,,,,,,,,,,0.07894,,,,,,,,,,,,,,,,,,,,,,,,,,,,,,,,,,,,,,,,,,,,,,,,,,,,,,,,,,,,,,,,,,,,,,,,,,,,,,,,,,,,,,,,,,,repro,,,,,,,,,,,,,,,C:\Users\60585\PycharmProjects\qibMacV2\repro_runs\3675090_repro_20260429_202047,C:\Users\60585\PycharmProjects\qibMacV2,"C:\Users\60585\miniconda3\envs\quantEnv\python.exe"" -u work_flow.py",3675090480ea25c84fc073716460ec8277eafd5b,32,32,17,0.067965,0.061439,0.653879,0.631301,1.329779,0.189691
