source,experiment_id,experiment_name,run_id,status,start_time,end_time,setting,canonical_setting,seed,artifact_count,trainer_config.run_setting,trainer_config.seed,trainer_config.lr,trainer_config.n_epochs,trainer_config.batch_size,trainer_config.grad_accum_steps,trainer_config.precision,trainer_config.market_state_path,trainer_config.market_state_shift,trainer_config.market_state_strict,trainer_config.checkpoint_metric,trainer_config.checkpoint_mode,model_config.d_model,model_config.n_layers,model_config.n_heads,model_config.d_ff,model_config.dropout,model_config.router_mode,model_config.router_temperature,model_config.router_noise,model_config.router_use_layer_summary,model_config.use_regime_time_embedding,model_config.use_regime_factor_gate,model_config.use_external_macro,model_config.use_feature_selection,model_config.factor_gate_scale,model_config.factor_gate_shift_scale,model_config.time_tau_init,model_config.pooling_alpha,model_config.main_loss,model_config.use_alibi,model_config.value_embedding_type,model_config.regime_macro_dropout,Rank IC,Rank ICIR,IC,ICIR,1day.excess_return_with_cost.annualized_return,1day.excess_return_with_cost.information_ratio,1day.excess_return_with_cost.max_drawdown,1day.excess_return_without_cost.annualized_return,1day.excess_return_without_cost.information_ratio,1day.excess_return_without_cost.max_drawdown,opt/loss_gap_last,opt/rank_ic_gap_last,opt/post_peak_decay,opt/train_grad_norm_last,opt/train_grad_nonfinite_rate_last,opt/train_grad_skipped_rate_last,router/time_ratio_mean,router/entropy_norm_mean,router/collapse_ratio,film/factor_gate_entropy_mean,film/factor_gate_topk_mass_10_mean
mlflow,112808136313030517,Official_Alignment_RST_MoE_loss-mse_d128_l2_ff512_ctx8_embft_time1_decay1_film1_fgs1.0_fsh0.2_rSum1_rModelearned_featSel0_mseNorm0_macro1_mDrop0.1_pool0.7_msmarket_state_csi300_settingcap10_d128_h8_l2_ff512_do025,fce8848c099c460ab65f8c817b92f829,3,1778340583091,1778386300945,cap10_d128_h8_l2_ff512_do025,cap10_d128_h8_l2_ff512_do025,42,95,cap10_d128_h8_l2_ff512_do025,42,5e-05,40,300,1,amp_fp16,data/market_state_csi300.pkl,0,True,valid_rank_ic,max,128,2,8,512,0.25,learned,1.0,0.01,True,True,True,True,False,1.0,0.2,5.0,0.7,mse,False,feature_tokenizer,0.1,0.07666379496896569,0.5209986527183136,0.06533712092966709,0.445728313238186,0.16639435673207653,1.519312117689967,-0.07892556238784681,0.3224098488876164,2.944412455975946,-0.05567363399740172,-1.2000896933783889,0.1314165053932911,0.007854719223053197,4.92007630633155,0.0003356831151393085,0.0003356831151393085,0.48736129483952917,0.9363451030464531,0.0,0.946051135683606,0.17168517813159676
mlflow,205607788562772697,Official_Alignment_RST_MoE_loss-mse_d64_l2_ff128_ctx8_embft_time0_decay1_film1_fgs1.0_fsh0.2_rSum1_rModelearned_featSel0_mseNorm0_macro1_mDrop0.1_pool0.7_msmarket_state_csi300_settingfilm_only,813f51a773304377b3344a8ba389e9d3,3,1777686278942,1777707842366,film_only,film_only,42,75,film_only,42,5e-05,40,300,1,amp_fp16,data/market_state_csi300.pkl,0,True,valid_rank_ic,max,64,2,4,128,0.1,learned,1.0,0.01,True,False,True,True,False,1.0,0.2,5.0,0.7,mse,False,feature_tokenizer,0.1,0.07678603656652373,0.5844371736808308,0.06415816962817701,0.4664415210211175,0.17978762461217418,1.5752258414392195,-0.07484343672085791,0.3349619064519467,2.9378246352704265,-0.05394715594055055,-1.2356107383209238,0.14325004073849346,0.01922682269571109,6.816174557260988,0.0003356831151393085,0.0003356831151393085,0.7349453340770765,0.807584101298859,0.0,0.9462472033578714,0.1743336403574764
mlflow,205607788562772697,Official_Alignment_RST_MoE_loss-mse_d64_l2_ff128_ctx8_embft_time0_decay1_film1_fgs1.0_fsh0.2_rSum1_rModelearned_featSel0_mseNorm0_macro1_mDrop0.1_pool0.7_msmarket_state_csi300_settingfilm_only,c33a8a47f7f14319a7f55fa848c50cd1,3,1777590114480,1777597750995,film_only,film_only,42,74,film_only,42,5e-05,40,300,1,amp_fp16,data/market_state_csi300.pkl,0,True,,,64,2,4,128,0.1,learned,1.0,0.01,True,False,True,True,False,1.0,0.2,5.0,0.7,mse,False,feature_tokenizer,0.1,0.07192317763806869,0.5335026155951409,0.062354770918580306,0.4379224026743531,0.1610171471417081,1.4451240101619043,-0.06876764952940109,0.3160331894010681,2.836956493491123,-0.06215817885900912,-1.309914269037203,0.087358668559896,0.0,3.735712615186212,0.0003356831151393085,0.0003356831151393085,0.7333917712488918,0.8071852980200362,0.0,0.9463899122907761,0.17132488358918266
mlflow,281573398107824411,Official_Alignment_RST_MoE_loss-mse_d64_l2_ff128_ctx8_embft_time1_decay1_film1_fgs1.0_fsh0.2_rSum1_rModelearned_featSel0_mseNorm0_macro1_mDrop0.1_pool0.7_msmarket_state_csi300_settingcap00_d64_h4_l2_ff128_do010,84427877e2994570941437aea65b397b,3,1777750377834,1777772426578,cap00_d64_h4_l2_ff128_do010,cap00_d64_h4_l2_ff128_do010,42,95,cap00_d64_h4_l2_ff128_do010,42,5e-05,40,300,1,amp_fp16,data/market_state_csi300.pkl,0,True,valid_rank_ic,max,64,2,4,128,0.1,learned,1.0,0.01,True,True,True,True,False,1.0,0.2,5.0,0.7,mse,False,feature_tokenizer,0.1,0.07676163035845204,0.5569760434535975,0.06743631722980939,0.4790553044793335,0.1967299969706057,1.8776309794433403,-0.07725371714521317,0.3517225328822176,3.358363565448016,-0.05912430013009129,-1.2403777309437247,0.12597857143470106,0.010351652061884195,8.150662310643778,0.0003356831151393085,0.0003356831151393085,0.627104554288191,0.9325570694036464,0.0,0.943687033828854,0.18212391814116372
mlflow,325032212672679181,Official_Alignment_RST_MoE_loss-mse_d64_l2_ff128_ctx8_embft_time1_decay1_film1_fgs1.0_fsh0.2_rSum1_rModelearned_featSel0_mseNorm0_macro1_mDrop0.1_pool0.7_msmarket_state_csi300_settingfull_135,0cea102512eb4ead9165d4bef08ff534,3,1777554098112,1777563898942,full_135,full_135,42,94,full_135,42,5e-05,40,300,1,amp_fp16,data/market_state_csi300.pkl,0,True,,,64,2,4,128,0.1,learned,1.0,0.01,True,True,True,True,False,1.0,0.2,5.0,0.7,mse,False,feature_tokenizer,0.1,0.07710432823767467,0.5513286017123423,0.06856772541945735,0.4863191855598778,0.21018343195055295,1.9104635802046284,-0.06843314790476968,0.36566576135766105,3.3252859937182544,-0.05343618830731933,-1.3044647432448928,0.08146273952545563,0.0,4.090383874620602,0.000671366230278617,0.000671366230278617,0.6552555957467453,0.9124735850855736,0.0,0.944494940352713,0.1758522421072821
mlflow,325032212672679181,Official_Alignment_RST_MoE_loss-mse_d64_l2_ff128_ctx8_embft_time1_decay1_film1_fgs1.0_fsh0.2_rSum1_rModelearned_featSel0_mseNorm0_macro1_mDrop0.1_pool0.7_msmarket_state_csi300_settingfull_135,ae50cd15f54f49589865170d35f2014d,3,1777622691425,1777644654808,full_135,full_135,42,95,full_135,42,5e-05,40,300,1,amp_fp16,data/market_state_csi300.pkl,0,True,valid_rank_ic,max,64,2,4,128,0.1,learned,1.0,0.01,True,True,True,True,False,1.0,0.2,5.0,0.7,mse,False,feature_tokenizer,0.1,0.07913506646550444,0.5496115387284783,0.07051988516857385,0.4836667844057335,0.17787491766501612,1.564012034553269,-0.09847608697301419,0.33318484966573586,2.930792480574609,-0.07196792593311974,-1.2444016674350442,0.1208131819940776,0.009060859694532714,7.95184714109827,0.0003356831151393085,0.0003356831151393085,0.6708117364445346,0.8970167185085561,0.0,0.9453797267228609,0.17770182571805246
mlflow,338376328896534105,Official_Alignment_RST_MoE_loss-mse_d96_l2_ff288_ctx8_embft_time1_decay1_film1_fgs1.0_fsh0.2_rSum1_rModelearned_featSel0_mseNorm0_macro1_mDrop0.1_pool0.7_msmarket_state_csi300_settingcap04_d96_h4_l2_ff288_do020,233da76fa5824223ae0e44cba8248454,3,1777889260532,1777917575656,cap04_d96_h4_l2_ff288_do020,cap04_d96_h4_l2_ff288_do020,42,95,cap04_d96_h4_l2_ff288_do020,42,5e-05,40,300,1,amp_fp16,data/market_state_csi300.pkl,0,True,valid_rank_ic,max,96,2,4,288,0.2,learned,1.0,0.01,True,True,True,True,False,1.0,0.2,5.0,0.7,mse,False,feature_tokenizer,0.1,0.07452812100962426,0.4799630774457582,0.06410486516125767,0.4175480611362524,0.16728508860685465,1.4428284056802776,-0.08506855471698746,0.3227427523858773,2.7845366870004087,-0.053862255235136325,-1.2357627010615742,0.1276062332992032,0.009005294077688575,6.4528118649399,0.0003356831151393085,0.0003356831151393085,0.6389691909648523,0.9056579175577338,0.0,0.9466240363113229,0.16971847036954033
mlflow,411410311063862859,Official_Alignment_RST_MoE_loss-mse_d96_l3_ff384_ctx8_embft_time1_decay1_film1_fgs1.0_fsh0.2_rSum1_rModelearned_featSel0_mseNorm0_macro1_mDrop0.1_pool0.7_msmarket_state_csi300_settingcap08_d96_h4_l3_ff384_do020,70284acffede4790a6e1e92187865625,4,1778009326068,1778074744566,cap08_d96_h4_l3_ff384_do020,cap08_d96_h4_l3_ff384_do020,42,4,cap08_d96_h4_l3_ff384_do020,42,5e-05,40,300,1,amp_fp16,data/market_state_csi300.pkl,0,True,valid_rank_ic,max,96,3,4,384,0.2,learned,1.0,0.01,True,True,True,True,False,1.0,0.2,5.0,0.7,mse,False,feature_tokenizer,0.1,,,,,,,,,,,,,,,,,,,,,
mlflow,472497830545691626,Official_Alignment_RST_MoE_loss-mse_d128_l2_ff512_ctx8_embft_time1_decay1_film1_fgs1.0_fsh0.2_rSum1_rModelearned_featSel0_mseNorm0_macro1_mDrop0.1_pool0.7_msmarket_state_csi300_settingcap11_d128_h4_l2_ff512_do020,13250c916ffd4ed69c25c2768350084d,3,1778386377869,1778424071568,cap11_d128_h4_l2_ff512_do020,cap11_d128_h4_l2_ff512_do020,42,95,cap11_d128_h4_l2_ff512_do020,42,5e-05,40,300,1,amp_fp16,data/market_state_csi300.pkl,0,True,valid_rank_ic,max,128,2,4,512,0.2,learned,1.0,0.01,True,True,True,True,False,1.0,0.2,5.0,0.7,mse,False,feature_tokenizer,0.1,0.07756069819022336,0.5270949386817093,0.06481755686181763,0.4429495225687996,0.15171129445394826,1.3750037136175788,-0.0968018748027635,0.30820784065161283,2.7938956267045216,-0.0745635906937323,-1.2168937747831485,0.1336643340824012,0.006845412995907754,4.8798273553098435,0.0003356831151393085,0.0003356831151393085,0.5700919999051342,0.9479842118334912,0.0,0.945828668712204,0.1721452003658891
mlflow,516942619567852638,Official_Alignment_RST_MoE_loss-mse_d80_l2_ff320_ctx8_embft_time1_decay1_film1_fgs1.0_fsh0.2_rSum1_rModelearned_featSel0_mseNorm0_macro1_mDrop0.1_pool0.7_msmarket_state_csi300_settingcap02_d80_h4_l2_ff320_do015,772d906887fb40f3aaea025e299445af,3,1777795399650,1777860774361,cap02_d80_h4_l2_ff320_do015,cap02_d80_h4_l2_ff320_do015,42,95,cap02_d80_h4_l2_ff320_do015,42,5e-05,40,300,1,amp_fp16,data/market_state_csi300.pkl,0,True,valid_rank_ic,max,80,2,4,320,0.15,learned,1.0,0.01,True,True,True,True,False,1.0,0.2,5.0,0.7,mse,False,feature_tokenizer,0.1,0.07514381148857541,0.5259630028523012,0.0655355134046965,0.4577584119015414,0.2319674121188528,2.2652017407911673,-0.0521194886452912,0.38681706320712317,3.7775109410398158,-0.04373051494165109,-1.2481210130081601,0.12889686500324365,0.008562000859198074,6.11328824840226,0.0003356831151393085,0.0003356831151393085,0.7143435475817159,0.8323769797900521,0.0,0.9465325332312264,0.17403342173649713
mlflow,570523982808623313,Official_Alignment_RST_MoE_loss-mse_d96_l2_ff384_ctx8_embft_time1_decay1_film1_fgs1.0_fsh0.2_rSum1_rModelearned_featSel0_mseNorm0_macro1_mDrop0.1_pool0.7_msmarket_state_csi300_settingcap05_d96_h4_l2_ff384_do015,e07135da68324a5ab0f1501a10f8fdac,3,1777917614702,1777946632482,cap05_d96_h4_l2_ff384_do015,cap05_d96_h4_l2_ff384_do015,42,95,cap05_d96_h4_l2_ff384_do015,42,5e-05,40,300,1,amp_fp16,data/market_state_csi300.pkl,0,True,valid_rank_ic,max,96,2,4,384,0.15,learned,1.0,0.01,True,True,True,True,False,1.0,0.2,5.0,0.7,mse,False,feature_tokenizer,0.1,0.07728730575102148,0.54349500716962,0.0640317525750809,0.45024128165989696,0.18345836549176997,1.754429119796694,-0.07781892499898352,0.3387089246897696,3.239572377047802,-0.058239413356093395,-1.2337316502730318,0.12879776033856621,0.00505650620479399,5.365182892150548,0.0003356831151393085,0.0003356831151393085,0.6327864537964867,0.9153385449862758,0.0,0.9487987523578388,0.16375260733055796
mlflow,590194973191721631,Official_Alignment_RST_MoE_loss-mse_d64_l2_ff128_ctx8_embft_time1_decay1_film1_fgs1.0_fsh0.2_rSum0_rModelearned_featSel0_mseNorm0_macro1_mDrop0.1_pool0.7_msmarket_state_csi300_settingno_layer_summary,023b168ef8f44fbea8ea7760fd79f118,3,1777707881740,1777729373203,no_layer_summary,no_layer_summary,42,95,no_layer_summary,42,5e-05,40,300,1,amp_fp16,data/market_state_csi300.pkl,0,True,valid_rank_ic,max,64,2,4,128,0.1,learned,1.0,0.01,False,True,True,True,False,1.0,0.2,5.0,0.7,mse,False,feature_tokenizer,0.1,0.06907886055539827,0.514995064872803,0.06413817420894148,0.47664048767416917,0.19304672562095002,1.8431914681712018,-0.07280791062389333,0.3477233550345324,3.323158644228209,-0.05486502898797607,-1.2746874185456682,0.11298539066627955,0.005027097688311111,9.876568469949412,0.0003356831151393085,0.0003356831151393085,0.6478259435925273,0.8938872447871897,0.0,0.9455876804997995,0.17782525562127952
mlflow,590194973191721631,Official_Alignment_RST_MoE_loss-mse_d64_l2_ff128_ctx8_embft_time1_decay1_film1_fgs1.0_fsh0.2_rSum0_rModelearned_featSel0_mseNorm0_macro1_mDrop0.1_pool0.7_msmarket_state_csi300_settingno_layer_summary,3049d3c013b54591a76de366e0366d83,3,1777597791101,1777611995784,no_layer_summary,no_layer_summary,42,94,no_layer_summary,42,5e-05,40,300,1,amp_fp16,data/market_state_csi300.pkl,0,True,,,64,2,4,128,0.1,learned,1.0,0.01,False,True,True,True,False,1.0,0.2,5.0,0.7,mse,False,feature_tokenizer,0.1,0.06317243664669321,0.4746565924091005,0.0604645637482205,0.4513816302398833,0.1236344432636533,1.1108231908144603,-0.12096647411008665,0.2775745227642308,2.4938854284758647,-0.0915943316427898,-1.3019006744664559,0.10152862003223793,0.00636589654735123,7.752973334392568,0.000671366230278617,0.000671366230278617,0.6454863353173589,0.8852278736317205,0.0,0.9433440237310631,0.17816819735907885
mlflow,591706357338261427,Official_Alignment_RST_MoE_loss-mse_d64_l2_ff128_ctx8_embft_time1_decay1_film1_fgs1.0_fsh0.2_rSum1_featSel0_mseNorm0_macro1_mDrop0.1_pool0.7_msmarket_state_csi300,f602b2ca0a9142f8b589d11979a23e35,3,1777465297069,1777482341433,,,42,69,,42,5e-05,40,300,1,amp_fp16,data/market_state_csi300.pkl,0,True,,,64,2,4,128,0.1,,1.0,0.01,True,True,True,True,False,1.0,0.2,5.0,0.7,mse,False,feature_tokenizer,0.1,0.0680765967353959,0.4693577270522831,0.06180920734699023,0.42068956062816887,0.17409904695067283,1.403310925101067,-0.11394851792921862,0.3293657699067726,2.654173333543811,-0.09730100189302548,,,,,,,,,,,
mlflow,594471764185722698,Official_Alignment_RST_MoE_loss-mse_d80_l2_ff320_ctx8_embft_time1_decay1_film1_fgs1.0_fsh0.2_rSum1_rModelearned_featSel0_mseNorm0_macro1_mDrop0.1_pool0.7_msmarket_state_csi300_settingcap02_d80_h4_l2_ff320_do015_seed43,d3609f7d39aa4f30b35a80a81f8bfa19,3,1778120144765,1778185013702,cap02_d80_h4_l2_ff320_do015_seed43,cap02_d80_h4_l2_ff320_do015,43,95,cap02_d80_h4_l2_ff320_do015_seed43,43,5e-05,40,300,1,amp_fp16,data/market_state_csi300.pkl,0,True,valid_rank_ic,max,80,2,4,320,0.15,learned,1.0,0.01,True,True,True,True,False,1.0,0.2,5.0,0.7,mse,False,feature_tokenizer,0.1,0.0770803902665886,0.5539426105235584,0.06758217382843666,0.47658953949860017,0.20699665457476296,1.8707063552913705,-0.07731038270797891,0.3621312701172547,3.2731154516763064,-0.0513694200657876,-1.2621812899371403,0.11664062220869081,0.0038156018444304995,6.485984100216521,0.0,0.0,0.6173053808467217,0.9281203835600664,0.0,0.9479911404428623,0.16698365259775358
mlflow,615207836098066466,Official_Alignment_RST_MoE_loss-mse_d96_l2_ff288_ctx8_embft_time1_decay1_film1_fgs1.0_fsh0.2_rSum1_rModelearned_featSel0_mseNorm0_macro1_mDrop0.1_pool0.7_msmarket_state_csi300_settingcap03_d96_h4_l2_ff288_do015,c7ab2c63668c4e698c2043b1fbfe5826,3,1777860815989,1777889219679,cap03_d96_h4_l2_ff288_do015,cap03_d96_h4_l2_ff288_do015,42,95,cap03_d96_h4_l2_ff288_do015,42,5e-05,40,300,1,amp_fp16,data/market_state_csi300.pkl,0,True,valid_rank_ic,max,96,2,4,288,0.15,learned,1.0,0.01,True,True,True,True,False,1.0,0.2,5.0,0.7,mse,False,feature_tokenizer,0.1,0.07535067511486078,0.5103694274221902,0.06317066661255749,0.43625162191208394,0.1696329987746897,1.6120651057537745,-0.10263697133044505,0.32455227876633513,3.086534144178913,-0.07417300308211339,-1.2467236596228883,0.12459592634802286,0.0052118512622243846,6.319171905876862,0.0003356831151393085,0.0003356831151393085,0.6137851050377413,0.9377760248086544,0.0,0.9428674554278534,0.18000137730335447
mlflow,652638798351033261,Official_Alignment_RST_MoE_loss-mse_d80_l2_ff320_ctx8_embft_time1_decay1_film1_fgs1.0_fsh0.2_rSum1_rModelearned_featSel0_mseNorm0_macro1_mDrop0.1_pool0.7_msmarket_state_csi300_settingcap02_d80_h4_l2_ff320_do015_seed44,43095c52aa014efb916f1d36cb48bb12,3,1778230113645,1778296036534,cap02_d80_h4_l2_ff320_do015_seed44,cap02_d80_h4_l2_ff320_do015,44,95,cap02_d80_h4_l2_ff320_do015_seed44,44,5e-05,40,300,1,amp_fp16,data/market_state_csi300.pkl,0,True,valid_rank_ic,max,80,2,4,320,0.15,learned,1.0,0.01,True,True,True,True,False,1.0,0.2,5.0,0.7,mse,False,feature_tokenizer,0.1,0.07900580974698307,0.5450072473374616,0.06612720980542079,0.4482290550876069,0.2007778358959388,1.951953534412605,-0.06932335737313389,0.35698199145584814,3.4714864424808076,-0.05488956926911592,-1.2484637609255391,0.1161694141324633,0.004781855950923411,6.056563105380378,0.0003356831151393085,0.0003356831151393085,0.6403529113586393,0.9091193217359482,0.0,0.9465248968129072,0.16917068634407806
mlflow,661312772085780666,Official_Alignment_RST_MoE_loss-mse_d64_l2_ff256_ctx8_embft_time1_decay1_film1_fgs1.0_fsh0.2_rSum1_rModelearned_featSel0_mseNorm0_macro1_mDrop0.1_pool0.7_msmarket_state_csi300_settingcap01_d64_h4_l2_ff256_do015,ce93762ac6fe4327b7183b2bb1e66213,3,1777772467841,1777795358563,cap01_d64_h4_l2_ff256_do015,cap01_d64_h4_l2_ff256_do015,42,95,cap01_d64_h4_l2_ff256_do015,42,5e-05,40,300,1,amp_fp16,data/market_state_csi300.pkl,0,True,valid_rank_ic,max,64,2,4,256,0.15,learned,1.0,0.01,True,True,True,True,False,1.0,0.2,5.0,0.7,mse,False,feature_tokenizer,0.1,0.07484501407020838,0.5282357054247737,0.06756322259299026,0.4701952978700156,0.21455575761522297,1.8394106220565603,-0.07099595447133833,0.37036077921570526,3.176027561167579,-0.050643911186951995,-1.2663850904211904,0.10682988671243017,0.0008695775946938877,6.67934515041219,0.0003356831151393085,0.0003356831151393085,0.6891237037687827,0.872347355719468,0.0,0.9415232891341864,0.17735719449098683
mlflow,662335838392804238,Official_Alignment_RST_MoE_loss-mse_d64_l2_ff128_ctx8_embft_time0_decay1_film0_fgs1.0_fsh0.2_rSum1_rModelearned_featSel0_mseNorm0_macro1_mDrop0.1_pool0.7_msmarket_state_csi300_settingbase,13c7b183255b4d00905b27b61ef4b5d8,3,1777644693974,1777665242245,base,base,42,52,base,42,5e-05,40,300,1,amp_fp16,data/market_state_csi300.pkl,0,True,valid_rank_ic,max,64,2,4,128,0.1,learned,1.0,0.01,True,False,False,True,False,1.0,0.2,5.0,0.7,mse,False,feature_tokenizer,0.1,0.0712363734733636,0.5390729212553699,0.06319144598961643,0.46027634270195494,0.13819982385911228,1.369382467760407,-0.06317351126694892,0.2934247829239067,2.908604951980681,-0.049013425041116,-1.285646531636688,0.10637678638931677,0.003620760868634443,5.043574006013082,0.0003356831151393085,0.0003356831151393085,0.6881881516576789,0.8400815236046683,0.0,,
mlflow,662335838392804238,Official_Alignment_RST_MoE_loss-mse_d64_l2_ff128_ctx8_embft_time0_decay1_film0_fgs1.0_fsh0.2_rSum1_rModelearned_featSel0_mseNorm0_macro1_mDrop0.1_pool0.7_msmarket_state_csi300_settingbase,d2e63b7839864c208de48b564eecd195,3,1777563936881,1777573782119,base,base,42,51,base,42,5e-05,40,300,1,amp_fp16,data/market_state_csi300.pkl,0,True,,,64,2,4,128,0.1,learned,1.0,0.01,True,False,False,True,False,1.0,0.2,5.0,0.7,mse,False,feature_tokenizer,0.1,0.06788440268535363,0.4852508559407806,0.05832380299112025,0.3951809974839154,0.1125068731819935,1.017740200315127,-0.09979016748767262,0.2678419900364325,2.423789009333161,-0.07432370191700256,-1.3143597473837274,0.0886496634817089,0.003393291637794324,3.67166601258117,0.0003356831151393085,0.0003356831151393085,0.6957365744632902,0.8323453342786,0.0,,
mlflow,730804180011220503,Official_Alignment_RST_MoE_loss-mse_d64_l2_ff128_ctx8_embft_time1_decay1_film1_fgs1.0_fsh0.2_rSum1_rModelearned_featSel0_mseNorm0_macro1_mDrop0.1_pool0.7_msmarket_state_csi300_settingcap00_d64_h4_l2_ff128_do010_seed43,440cd8270fd846d3b0aa3de5e2498edb,3,1778074804792,1778097167972,cap00_d64_h4_l2_ff128_do010_seed43,cap00_d64_h4_l2_ff128_do010,43,95,cap00_d64_h4_l2_ff128_do010_seed43,43,5e-05,40,300,1,amp_fp16,data/market_state_csi300.pkl,0,True,valid_rank_ic,max,64,2,4,128,0.1,learned,1.0,0.01,True,True,True,True,False,1.0,0.2,5.0,0.7,mse,False,feature_tokenizer,0.1,0.0796389624873134,0.5832960782357897,0.06259467741635318,0.45917743589839,0.19091099613944706,1.9394690279421478,-0.11113703907870537,0.3462141500745446,3.518172250027062,-0.0758215132342811,-1.2498247825736657,0.12109066849863283,0.005858701229921465,8.314946525126166,0.0003356831151393085,0.0003356831151393085,0.7246025026345344,0.8188035578513401,0.0,0.9429399816962584,0.178937917474639
mlflow,731153307123711936,Official_Alignment_RST_MoE_loss-mse_d96_l2_ff384_ctx8_embft_time1_decay1_film1_fgs1.0_fsh0.2_rSum1_rModelearned_featSel0_mseNorm0_macro1_mDrop0.1_pool0.7_msmarket_state_csi300_settingcap06_d96_h4_l2_ff384_do020,da4dbec2f9194c33966932dc41b367ff,3,1777946673757,1777975786201,cap06_d96_h4_l2_ff384_do020,cap06_d96_h4_l2_ff384_do020,42,95,cap06_d96_h4_l2_ff384_do020,42,5e-05,40,300,1,amp_fp16,data/market_state_csi300.pkl,0,True,valid_rank_ic,max,96,2,4,384,0.2,learned,1.0,0.01,True,True,True,True,False,1.0,0.2,5.0,0.7,mse,False,feature_tokenizer,0.1,0.07937359407172331,0.5416028541522023,0.06893208990422399,0.47120311369770834,0.2202313447273886,2.086088748683269,-0.08060974912000239,0.3745582781334497,3.5490712726437095,-0.0517213444805652,-1.2388210674003994,0.12001252488413269,0.004989735046453572,5.452127787676689,0.0003356831151393085,0.0003356831151393085,0.7037789304309767,0.8359566755214279,0.0,0.944297028348801,0.17905843055482387
mlflow,831709460167705541,Official_Alignment_RST_MoE_loss-mse_d64_l2_ff128_ctx8_embft_time1_decay1_film1_fgs1.0_fsh0.2_rSum1_rModelearned_featSel0_mseNorm0_macro1_mDrop0.1_pool0.7_msmarket_state_csi300_settingcap00_d64_h4_l2_ff128_do010_seed44,c57ef9a59d1e4f8da9a9c12f07e121c1,3,1778185055540,1778207126692,cap00_d64_h4_l2_ff128_do010_seed44,cap00_d64_h4_l2_ff128_do010,44,95,cap00_d64_h4_l2_ff128_do010_seed44,44,5e-05,40,300,1,amp_fp16,data/market_state_csi300.pkl,0,True,valid_rank_ic,max,64,2,4,128,0.1,learned,1.0,0.01,True,True,True,True,False,1.0,0.2,5.0,0.7,mse,False,feature_tokenizer,0.1,0.07237689787356799,0.5390860420358146,0.06144137085946531,0.4458222834058483,0.15928349085164634,1.571942615269592,-0.07188818675100475,0.31451389435761035,3.10399139752213,-0.050015119082860826,-1.2527859632315472,0.1192156670997849,0.004940009592721589,6.960864269586503,0.000671366230278617,0.000671366230278617,0.7442430558441379,0.8005227611282686,0.0,0.9400596392330288,0.1780537430764025
mlflow,857301447245886986,Official_Alignment_RST_MoE_loss-mse_d64_l2_ff128_ctx8_embft_time1_decay1_film0_fgs1.0_fsh0.2_rSum1_rModelearned_featSel0_mseNorm0_macro1_mDrop0.1_pool0.7_msmarket_state_csi300_settingtime_only,2959bb74fa5a4377a12df9d64cabbb60,3,1777665281485,1777686238075,time_only,time_only,42,72,time_only,42,5e-05,40,300,1,amp_fp16,data/market_state_csi300.pkl,0,True,valid_rank_ic,max,64,2,4,128,0.1,learned,1.0,0.01,True,True,False,True,False,1.0,0.2,5.0,0.7,mse,False,feature_tokenizer,0.1,0.07197022857139895,0.548346806296843,0.06410698044886123,0.48422121910764804,0.16087228342945784,1.575365601003654,-0.08591055525598756,0.31598322967079007,3.094131573096783,-0.07222499624564266,-1.2847989224003835,0.09978376568303514,0.005969971641416744,8.556060363819388,0.000671366230278617,0.000671366230278617,0.542890707599746,0.8975934355175086,0.0,,
mlflow,857301447245886986,Official_Alignment_RST_MoE_loss-mse_d64_l2_ff128_ctx8_embft_time1_decay1_film0_fgs1.0_fsh0.2_rSum1_rModelearned_featSel0_mseNorm0_macro1_mDrop0.1_pool0.7_msmarket_state_csi300_settingtime_only,5e458ead56d843b6bac14e3489a4ca5c,3,1777573819851,1777590076862,time_only,time_only,42,71,time_only,42,5e-05,40,300,1,amp_fp16,data/market_state_csi300.pkl,0,True,,,64,2,4,128,0.1,learned,1.0,0.01,True,True,False,True,False,1.0,0.2,5.0,0.7,mse,False,feature_tokenizer,0.1,0.07175480564496155,0.5260382010456862,0.062345508764057755,0.43377873522572885,0.15973566927086436,1.4245924606363245,-0.12329707397475484,0.31421912182393613,2.8032930962304,-0.10430521141160304,-1.2762695122856162,0.09320369990298515,0.002357857144360695,8.46601767388581,0.000671366230278617,0.000671366230278617,0.535103035202068,0.9324209131878111,0.0,,
mlflow,868729932898585167,Official_Alignment_RST_MoE_loss-mse_d64_l2_ff128_ctx8_embft_time1_decay1_film1_fgs1.0_fsh0.2_rSum1_rModefixed_05_featSel0_mseNorm0_macro1_mDrop0.1_pool0.7_msmarket_state_csi300_settingfixed_router_05,d0c107064f1b4768b07572a485096d3a,3,1777729412590,1777750338504,fixed_router_05,fixed_router_05,42,95,fixed_router_05,42,5e-05,40,300,1,amp_fp16,data/market_state_csi300.pkl,0,True,valid_rank_ic,max,64,2,4,128,0.1,fixed_05,1.0,0.01,True,True,True,True,False,1.0,0.2,5.0,0.7,mse,False,feature_tokenizer,0.1,0.07707132031873405,0.5760899141994799,0.06754494267592283,0.5006037883323867,0.1549206254377406,1.5348429773576733,-0.0835654354649816,0.30933449316304473,3.066048173105585,-0.05402004036265925,-1.2792117642753744,0.11075105661540022,0.007323096518908487,9.088051384024167,0.000671366230278617,0.000671366230278617,0.5,1.0000000027478353,0.0,0.9435245114730735,0.17742191557505713
mlflow,868729932898585167,Official_Alignment_RST_MoE_loss-mse_d64_l2_ff128_ctx8_embft_time1_decay1_film1_fgs1.0_fsh0.2_rSum1_rModefixed_05_featSel0_mseNorm0_macro1_mDrop0.1_pool0.7_msmarket_state_csi300_settingfixed_router_05,df53e63552ad4502a5b42c92d00d6733,3,1777612036842,1777622569745,fixed_router_05,fixed_router_05,42,95,fixed_router_05,42,5e-05,40,300,1,amp_fp16,data/market_state_csi300.pkl,0,True,,,64,2,4,128,0.1,fixed_05,1.0,0.01,True,True,True,True,False,1.0,0.2,5.0,0.7,mse,False,feature_tokenizer,0.1,0.07113857710740026,0.52342630922699,0.0651630654086843,0.47407226957748044,0.15498507408021225,1.4930583758400318,-0.09389516656369923,0.3100384699873991,2.985951556734885,-0.06568562481095014,-1.3041550596004208,0.09297185444002663,0.005216097860735305,6.926726722739538,0.000671366230278617,0.000671366230278617,0.5,1.0000000027478353,0.0,0.945305300910032,0.16963969156414319
mlflow,931441703756839387,Official_Alignment_RST_MoE_loss-mse_d128_l2_ff384_ctx8_embft_time1_decay1_film1_fgs1.0_fsh0.2_rSum1_rModelearned_featSel0_mseNorm0_macro1_mDrop0.1_pool0.7_msmarket_state_csi300_settingcap09_d128_h8_l2_ff384_do020,c62258af036c45ffad74cc0a8b152574,3,1778296116257,1778340506595,cap09_d128_h8_l2_ff384_do020,cap09_d128_h8_l2_ff384_do020,42,95,cap09_d128_h8_l2_ff384_do020,42,5e-05,40,300,1,amp_fp16,data/market_state_csi300.pkl,0,True,valid_rank_ic,max,128,2,8,384,0.2,learned,1.0,0.01,True,True,True,True,False,1.0,0.2,5.0,0.7,mse,False,feature_tokenizer,0.1,0.07570250523851765,0.4942985973553227,0.06541681107992545,0.4305508778312183,0.21222303395051278,1.8683880508448147,-0.08778060224008205,0.3678978713154429,3.23921925641514,-0.06133190249207654,-1.2011181809230933,0.14290228131144794,0.01371052098123473,5.222394263615594,0.0003356831151393085,0.0003356831151393085,0.5745346603143819,0.9475926176113992,0.0,0.9458126905701945,0.17015356852165417
mlflow,950435068917322288,Official_Alignment_RST_MoE_loss-mse_d96_l2_ff384_ctx8_embft_time1_decay1_film1_fgs1.0_fsh0.2_rSum1_rModelearned_featSel0_mseNorm0_macro1_mDrop0.1_pool0.7_msmarket_state_csi300_settingcap07_d96_h6_l2_ff384_do015,993114e05e8e48cdbf40b1dcb19a5547,3,1777975826492,1778009283655,cap07_d96_h6_l2_ff384_do015,cap07_d96_h6_l2_ff384_do015,42,95,cap07_d96_h6_l2_ff384_do015,42,5e-05,40,300,1,amp_fp16,data/market_state_csi300.pkl,0,True,valid_rank_ic,max,96,2,6,384,0.15,learned,1.0,0.01,True,True,True,True,False,1.0,0.2,5.0,0.7,mse,False,feature_tokenizer,0.1,0.07749194350080746,0.5304114108327845,0.0651842967157866,0.4473392244780621,0.16684033086338615,1.5848944202010637,-0.0866443641043598,0.3221440873567123,3.060907062658645,-0.0649967921170983,-1.2337942582277874,0.12767065727768523,0.005702634839108281,5.675798931141791,0.0003356831151393085,0.0003356831151393085,0.6783282390371802,0.8788505432964313,0.0,0.9479070981863867,0.16683478729034212
mlflow,966432381987661662,Official_Alignment_RST_MoE_loss-mse_d64_l2_ff256_ctx8_embft_time1_decay1_film1_fgs1.0_fsh0.2_rSum1_rModelearned_featSel0_mseNorm0_macro1_mDrop0.1_pool0.7_msmarket_state_csi300_settingcap01_d64_h4_l2_ff256_do015_seed44,031cbca339604ad4ad3bca3c37930788,3,1778207168576,1778230072346,cap01_d64_h4_l2_ff256_do015_seed44,cap01_d64_h4_l2_ff256_do015,44,95,cap01_d64_h4_l2_ff256_do015_seed44,44,5e-05,40,300,1,amp_fp16,data/market_state_csi300.pkl,0,True,valid_rank_ic,max,64,2,4,256,0.15,learned,1.0,0.01,True,True,True,True,False,1.0,0.2,5.0,0.7,mse,False,feature_tokenizer,0.1,0.0781186260026794,0.5499413630680678,0.06251043728605424,0.43514856387075057,0.23328342286717138,2.2536675690703483,-0.07340847201619605,0.3892051669118594,3.7603988924630514,-0.05664101574283231,-1.2547232450508785,0.10977269030594133,0.0023806009530717015,6.479427656362147,0.0003356831151393085,0.0003356831151393085,0.6770426955902049,0.8907492400507948,0.0,0.9452664328284818,0.1721363620506371
mlflow,990482449780324458,Official_Alignment_RST_MoE_loss-mse_d64_l2_ff256_ctx8_embft_time1_decay1_film1_fgs1.0_fsh0.2_rSum1_rModelearned_featSel0_mseNorm0_macro1_mDrop0.1_pool0.7_msmarket_state_csi300_settingcap01_d64_h4_l2_ff256_do015_seed43,a321b76871fa40a1a3023797f55d809c,3,1778097209148,1778120103288,cap01_d64_h4_l2_ff256_do015_seed43,cap01_d64_h4_l2_ff256_do015,43,95,cap01_d64_h4_l2_ff256_do015_seed43,43,5e-05,40,300,1,amp_fp16,data/market_state_csi300.pkl,0,True,valid_rank_ic,max,64,2,4,256,0.15,learned,1.0,0.01,True,True,True,True,False,1.0,0.2,5.0,0.7,mse,False,feature_tokenizer,0.1,0.07406691170862302,0.5337035273245512,0.05895280407455394,0.42367625253744523,0.15785363438698605,1.6211861976060489,-0.09791805131904552,0.3137410557199595,3.2232914674189224,-0.0801853791732764,-1.2608691831225252,0.12018895700178418,0.00663366589251442,7.189820199827422,0.0,0.0,0.6985801769616626,0.8646160564287481,0.0,0.9451043577514187,0.1736141545195041
