source,csv_path,setting,canonical_setting,seed,returncode,selectable,selected_for_stage2,reasons,rankic,rankicir,post_peak_decay,drawdown,turnover,grad_nonfinite_rate,grad_skipped_rate,d_model,n_heads,d_head,n_layers,d_ff,dropout,params_plan,epochs_recorded,best_valid_rank_ic,best_valid_rank_ic_epoch,final_valid_rank_ic,best_minus_final_valid_rank_ic,checkpoint_metric,checkpoint_epoch,checkpoint_score,checkpoint_restored,performance/daily_rank_ic_mean,performance/rank_icir,performance/daily_ic_mean,performance/icir,performance/rolling20_rank_ic_min,performance/rolling60_rank_ic_min,performance/top_bottom_spread_mean,portfolio/annualized_return_with_cost,portfolio/information_ratio_with_cost,portfolio/max_drawdown_with_cost,portfolio/turnover,portfolio/cost_drag,optimization/post_peak_decay,optimization/loss_gap_last,optimization/rank_ic_gap_last,optimization/train_grad_norm_last,optimization/train_grad_nonfinite_rate_last,optimization/train_grad_skipped_rate_last,optimization/train_score_std_last,optimization/valid_score_std_last,attention_pooling/factor_entropy_norm_mean,attention_pooling/factor_top10_mass_mean,router/entropy_norm_mean,router/time_ratio_mean,router/collapse_ratio,regime/pc1_tail_2x2_rank_ic_spread,diagnostic_matrix,time_embedding/tau_range_utilization,factor_film/film_pool_top10_overlap,optimization/train_optimizer_steps_last
suite_csv,diagnostic_runs\four_day_plan_20260501_125906\capacity_full135_40epoch\stage1_seed42\stage1_selection.csv,cap00_d64_h4_l2_ff128_do010,cap00_d64_h4_l2_ff128_do010,,0,False,True,post_peak_decay > 0.010,0.07676163035845204,0.5569760434535975,0.010351652061884195,-0.07725371714521317,0.3258522180509293,0.0003356831151393085,0.0003356831151393085,,,,,,,,,,,,,,,,,,,,,,,,,,,,,,,,,,,,,,,,,,,,,,
suite_csv,diagnostic_runs\four_day_plan_20260501_125906\capacity_full135_40epoch\stage1_seed42\stage1_selection.csv,cap01_d64_h4_l2_ff256_do015,cap01_d64_h4_l2_ff256_do015,,0,True,True,,0.07484501407020838,0.5282357054247737,0.0008695775946938877,-0.07099595447133833,0.3275570985180413,0.0003356831151393085,0.0003356831151393085,,,,,,,,,,,,,,,,,,,,,,,,,,,,,,,,,,,,,,,,,,,,,,
suite_csv,diagnostic_runs\four_day_plan_20260501_125906\capacity_full135_40epoch\stage1_seed42\stage1_selection.csv,cap02_d80_h4_l2_ff320_do015,cap02_d80_h4_l2_ff320_do015,,0,True,True,,0.07514381148857541,0.5259630028523012,0.008562000859198074,-0.0521194886452912,0.32555145873984925,0.0003356831151393085,0.0003356831151393085,,,,,,,,,,,,,,,,,,,,,,,,,,,,,,,,,,,,,,,,,,,,,,
suite_csv,diagnostic_runs\four_day_plan_20260501_125906\capacity_full135_40epoch\stage1_seed42\stage1_selection.csv,cap03_d96_h4_l2_ff288_do015,cap03_d96_h4_l2_ff288_do015,,0,True,False,,0.07535067511486078,0.5103694274221902,0.0052118512622243846,-0.10263697133044505,0.3257017716333332,0.0003356831151393085,0.0003356831151393085,,,,,,,,,,,,,,,,,,,,,,,,,,,,,,,,,,,,,,,,,,,,,,
suite_csv,diagnostic_runs\four_day_plan_20260501_125906\capacity_full135_40epoch\stage1_seed42\stage1_selection.csv,cap04_d96_h4_l2_ff288_do020,cap04_d96_h4_l2_ff288_do020,,0,True,False,,0.07452812100962426,0.4799630774457582,0.009005294077688575,-0.08506855471698746,0.3268321296986509,0.0003356831151393085,0.0003356831151393085,,,,,,,,,,,,,,,,,,,,,,,,,,,,,,,,,,,,,,,,,,,,,,
suite_csv,diagnostic_runs\four_day_plan_20260501_125906\capacity_full135_40epoch\stage1_seed42\stage1_selection.csv,cap05_d96_h4_l2_ff384_do015,cap05_d96_h4_l2_ff384_do015,,0,True,False,,0.07728730575102148,0.54349500716962,0.00505650620479399,-0.07781892499898352,0.3263962041481793,0.0003356831151393085,0.0003356831151393085,,,,,,,,,,,,,,,,,,,,,,,,,,,,,,,,,,,,,,,,,,,,,,
suite_csv,diagnostic_runs\four_day_plan_20260501_125906\capacity_full135_40epoch\stage1_seed42\stage1_selection.csv,cap06_d96_h4_l2_ff384_do020,cap06_d96_h4_l2_ff384_do020,,0,True,False,,0.07937359407172331,0.5416028541522023,0.004989735046453572,-0.08060974912000239,0.3244564287274963,0.0003356831151393085,0.0003356831151393085,,,,,,,,,,,,,,,,,,,,,,,,,,,,,,,,,,,,,,,,,,,,,,
suite_csv,diagnostic_runs\four_day_plan_20260501_125906\capacity_full135_40epoch\stage1_seed42\stage1_selection.csv,cap07_d96_h6_l2_ff384_do015,cap07_d96_h6_l2_ff384_do015,,0,False,False,H=6 did not beat cap05 H=4 by >=0.005 RankIC without RankICIR drop,0.07749194350080746,0.5304114108327845,0.005702634839108281,-0.0866443641043598,0.3265088942066348,0.0003356831151393085,0.0003356831151393085,,,,,,,,,,,,,,,,,,,,,,,,,,,,,,,,,,,,,,,,,,,,,,
suite_csv,diagnostic_runs\four_day_plan_20260501_125906\capacity_full135_40epoch\stage1_seed42\stage1_selection.csv,cap08_d96_h4_l3_ff384_do020,cap08_d96_h4_l3_ff384_do020,,1,True,False,,,,,,,,,,,,,,,,,,,,,,,,,,,,,,,,,,,,,,,,,,,,,,,,,,,,,,
suite_csv,diagnostic_runs\four_day_plan_20260501_125906\capacity_full135_40epoch\stage1_seed42\suite_summary.csv,cap00_d64_h4_l2_ff128_do010,cap00_d64_h4_l2_ff128_do010,42,0,,,,,,,,,,,64,4,16,2,128,0.1,203847,40,0.07676118468109609,16,0.0664095326192119,0.010351652061884195,valid_rank_ic,16,0.07676118468109609,True,0.07676163035845204,0.5569760434535975,0.06743631722980939,0.4790553044793335,-0.007058842887939912,0.03315285425994156,0.010592420965565731,0.1967299969706057,1.8776309794433403,-0.07725371714521317,0.3258522180509293,0.1549925359116119,0.010351652061884195,-1.2403777309437247,0.12597857143470106,8.150662310643778,0.0003356831151393085,0.0003356831151393085,0.23191585073378232,0.2692948012032017,0.9996312385773918,0.06999539974572873,0.9325570694036464,0.627104554288191,0.0,0.04455731221332496,C:\Users\60585\PycharmProjects\qibMacV2\mlruns\281573398107824411\84427877e2994570941437aea65b397b\diagnostic_matrix.csv,,,
suite_csv,diagnostic_runs\four_day_plan_20260501_125906\capacity_full135_40epoch\stage1_seed42\suite_summary.csv,cap01_d64_h4_l2_ff256_do015,cap01_d64_h4_l2_ff256_do015,42,0,,,,,,,,,,,64,4,16,2,256,0.15,236871,40,0.07483852497568617,29,0.07396894738099229,0.0008695775946938877,valid_rank_ic,29,0.07483852497568617,True,0.07484501407020838,0.5282357054247737,0.06756322259299026,0.4701952978700156,-0.023193431735403468,0.020256440604688557,0.009493095853534389,0.21455575761522297,1.8394106220565603,-0.07099595447133833,0.3275570985180413,0.1558050216004823,0.0008695775946938877,-1.2663850904211904,0.10682988671243017,6.67934515041219,0.0003356831151393085,0.0003356831151393085,0.21252343061587362,0.23656607220488954,0.9956995435329352,0.09458753247588103,0.872347355719468,0.6891237037687827,0.0,0.05582659467942373,C:\Users\60585\PycharmProjects\qibMacV2\mlruns\661312772085780666\ce93762ac6fe4327b7183b2bb1e66213\diagnostic_matrix.csv,,,
suite_csv,diagnostic_runs\four_day_plan_20260501_125906\capacity_full135_40epoch\stage1_seed42\suite_summary.csv,cap02_d80_h4_l2_ff320_do015,cap02_d80_h4_l2_ff320_do015,42,0,,,,,,,,,,,80,4,20,2,320,0.15,355607,40,0.07514629785070204,17,0.06658429699150396,0.008562000859198074,valid_rank_ic,17,0.07514629785070204,True,0.07514381148857541,0.5259630028523012,0.0655355134046965,0.4577584119015414,-0.038929377167866396,0.020115423227706118,0.010196507866486737,0.2319674121188528,2.2652017407911673,-0.0521194886452912,0.32555145873984925,0.15484965108827037,0.008562000859198074,-1.2481210130081601,0.12889686500324365,6.11328824840226,0.0003356831151393085,0.0003356831151393085,0.23297752234390734,0.2679211605590221,0.9931144215005976,0.11219892471342979,0.8323769797900521,0.7143435475817159,0.0,0.05326530537453683,C:\Users\60585\PycharmProjects\qibMacV2\mlruns\516942619567852638\772d906887fb40f3aaea025e299445af\diagnostic_matrix.csv,,,
suite_csv,diagnostic_runs\four_day_plan_20260501_125906\capacity_full135_40epoch\stage1_seed42\suite_summary.csv,cap03_d96_h4_l2_ff288_do015,cap03_d96_h4_l2_ff288_do015,42,0,,,,,,,,,,,96,4,24,2,288,0.15,461095,40,0.07534433094527214,23,0.07013247968304775,0.0052118512622243846,valid_rank_ic,23,0.07534433094527214,True,0.07535067511486078,0.5103694274221902,0.06317066661255749,0.43625162191208394,-0.03974016268956634,0.009410718981105303,0.010493955174621055,0.1696329987746897,1.6120651057537745,-0.10263697133044505,0.3257017716333332,0.15491927999164543,0.0052118512622243846,-1.2467236596228883,0.12459592634802286,6.319171905876862,0.0003356831151393085,0.0003356831151393085,0.2300671759608929,0.2673577591167144,0.9962596288493746,0.09062973390125081,0.9377760248086544,0.6137851050377413,0.0,0.04468953263357148,C:\Users\60585\PycharmProjects\qibMacV2\mlruns\615207836098066466\c7ab2c63668c4e698c2043b1fbfe5826\diagnostic_matrix.csv,,,
suite_csv,diagnostic_runs\four_day_plan_20260501_125906\capacity_full135_40epoch\stage1_seed42\suite_summary.csv,cap04_d96_h4_l2_ff288_do020,cap04_d96_h4_l2_ff288_do020,42,0,,,,,,,,,,,96,4,24,2,288,0.2,461095,40,0.07452531286360659,19,0.06552001878591801,0.009005294077688575,valid_rank_ic,19,0.07452531286360659,True,0.07452812100962426,0.4799630774457582,0.06410486516125767,0.4175480611362524,-0.03268338612883518,0.01428418024778902,0.009678846923729676,0.16728508860685465,1.4428284056802776,-0.08506855471698746,0.3268321296986509,0.15545766377902265,0.009005294077688575,-1.2357627010615742,0.1276062332992032,6.4528118649399,0.0003356831151393085,0.0003356831151393085,0.22876189642602382,0.2881183031147709,0.9977208872297059,0.0846097245221129,0.9056579175577338,0.6389691909648523,0.0,0.050622105101067946,C:\Users\60585\PycharmProjects\qibMacV2\mlruns\338376328896534105\233da76fa5824223ae0e44cba8248454\diagnostic_matrix.csv,,,
suite_csv,diagnostic_runs\four_day_plan_20260501_125906\capacity_full135_40epoch\stage1_seed42\suite_summary.csv,cap05_d96_h4_l2_ff384_do015,cap05_d96_h4_l2_ff384_do015,42,0,,,,,,,,,,,96,4,24,2,384,0.15,498151,40,0.07728903727392072,17,0.07223253106912673,0.00505650620479399,valid_rank_ic,17,0.07728903727392072,True,0.07728730575102148,0.54349500716962,0.0640317525750809,0.45024128165989696,-0.015118141509261685,0.02884992103373186,0.010267192281214078,0.18345836549176997,1.754429119796694,-0.07781892499898352,0.3263962041481793,0.15525055919799963,0.00505650620479399,-1.2337316502730318,0.12879776033856621,5.365182892150548,0.0003356831151393085,0.0003356831151393085,0.23798322469526267,0.2861346105897095,0.9925797469524509,0.12255433215911815,0.9153385449862758,0.6327864537964867,0.0,0.032371223172250704,C:\Users\60585\PycharmProjects\qibMacV2\mlruns\570523982808623313\e07135da68324a5ab0f1501a10f8fdac\diagnostic_matrix.csv,,,
suite_csv,diagnostic_runs\four_day_plan_20260501_125906\capacity_full135_40epoch\stage1_seed42\suite_summary.csv,cap06_d96_h4_l2_ff384_do020,cap06_d96_h4_l2_ff384_do020,42,0,,,,,,,,,,,96,4,24,2,384,0.2,498151,40,0.0793652319728164,17,0.07437549692636283,0.004989735046453572,valid_rank_ic,17,0.0793652319728164,True,0.07937359407172331,0.5416028541522023,0.06893208990422399,0.47120311369770834,-0.025902780052640094,0.026722276671379306,0.011296806049513374,0.2202313447273886,2.086088748683269,-0.08060974912000239,0.3244564287274963,0.15432693340606113,0.004989735046453572,-1.2388210674003994,0.12001252488413269,5.452127787676689,0.0003356831151393085,0.0003356831151393085,0.23074071396913814,0.2806140756060761,0.9997330965583644,0.07050916985813782,0.8359566755214279,0.7037789304309767,0.0,0.038595097334874526,C:\Users\60585\PycharmProjects\qibMacV2\mlruns\731153307123711936\da4dbec2f9194c33966932dc41b367ff\diagnostic_matrix.csv,,,
suite_csv,diagnostic_runs\four_day_plan_20260501_125906\capacity_full135_40epoch\stage1_seed42\suite_summary.csv,cap07_d96_h6_l2_ff384_do015,cap07_d96_h6_l2_ff384_do015,42,0,,,,,,,,,,,96,6,16,2,384,0.15,498151,40,0.07749089538802886,19,0.07178826054892058,0.005702634839108281,valid_rank_ic,19,0.07749089538802886,True,0.07749194350080746,0.5304114108327845,0.0651842967157866,0.4473392244780621,-0.02173880563487298,0.02318579724465312,0.010130307773385751,0.16684033086338615,1.5848944202010637,-0.0866443641043598,0.3265088942066348,0.15530375649332614,0.005702634839108281,-1.2337942582277874,0.12767065727768523,5.675798931141791,0.0003356831151393085,0.0003356831151393085,0.23835343088468236,0.28814327658295824,0.9927476940749193,0.1193406671510884,0.8788505432964313,0.6783282390371802,0.0,0.030455715818120246,C:\Users\60585\PycharmProjects\qibMacV2\mlruns\950435068917322288\993114e05e8e48cdbf40b1dcb19a5547\diagnostic_matrix.csv,,,
suite_csv,diagnostic_runs\four_day_plan_20260501_125906\capacity_full135_40epoch\stage1_seed42\suite_summary.csv,cap08_d96_h4_l3_ff384_do020,cap08_d96_h4_l3_ff384_do020,42,1,,,,,,,,,,,96,4,24,3,384,0.2,674265,,,,,,,,,,,,,,,,,,,,,,,,,,,,,,,,,,,,,,,
suite_csv,diagnostic_runs\four_day_plan_20260501_125906\capacity_full135_40epoch\stage2_seed43_44\suite_summary.csv,cap00_d64_h4_l2_ff128_do010_seed43,cap00_d64_h4_l2_ff128_do010,43,0,,,,,,,,,,,64,4,16,2,128,0.1,203847,40,0.07963506863847285,25,0.07377636740855138,0.005858701229921465,valid_rank_ic,25,0.07963506863847285,True,0.0796389624873134,0.5832960782357897,0.06259467741635318,0.45917743589839,-0.03140892579531446,0.014757485807101811,0.009716802667357704,0.19091099613944706,1.9394690279421478,-0.11113703907870537,0.3265057016563448,0.15530315393509753,0.005858701229921465,-1.2498247825736657,0.12109066849863283,8.314946525126166,0.0003356831151393085,0.0003356831151393085,0.23191359700193018,0.2539859653104542,0.9954595877266834,0.11097112849364565,0.8188035578513401,0.7246025026345344,0.0,0.055961544969900495,C:\Users\60585\PycharmProjects\qibMacV2\mlruns\730804180011220503\440cd8270fd846d3b0aa3de5e2498edb\diagnostic_matrix.csv,,,
suite_csv,diagnostic_runs\four_day_plan_20260501_125906\capacity_full135_40epoch\stage2_seed43_44\suite_summary.csv,cap01_d64_h4_l2_ff256_do015_seed43,cap01_d64_h4_l2_ff256_do015,43,0,,,,,,,,,,,64,4,16,2,256,0.15,236871,40,0.07406322167523047,25,0.06742955578271605,0.00663366589251442,valid_rank_ic,25,0.07406322167523047,True,0.07406691170862302,0.5337035273245512,0.05895280407455394,0.42367625253744523,-0.04526032790887184,0.005967870823219951,0.008973499622848342,0.15785363438698605,1.6211861976060489,-0.09791805131904552,0.32773455614698427,0.15588742133297348,0.00663366589251442,-1.2608691831225252,0.12018895700178418,7.189820199827422,0.0,0.0,0.22408693946820452,0.25098295570785595,0.9999979734451644,0.06370814250586873,0.8646160564287481,0.6985801769616626,0.0,0.056265914798125594,C:\Users\60585\PycharmProjects\qibMacV2\mlruns\990482449780324458\a321b76871fa40a1a3023797f55d809c\diagnostic_matrix.csv,,,
suite_csv,diagnostic_runs\four_day_plan_20260501_125906\capacity_full135_40epoch\stage2_seed43_44\suite_summary.csv,cap02_d80_h4_l2_ff320_do015_seed43,cap02_d80_h4_l2_ff320_do015,43,0,,,,,,,,,,,80,4,20,2,320,0.15,355607,40,0.07707812227720465,22,0.07326252043277415,0.0038156018444304995,valid_rank_ic,22,0.07707812227720465,True,0.0770803902665886,0.5539426105235584,0.06758217382843666,0.47658953949860017,-0.015670307503006676,0.01812878444577445,0.0110640816145966,0.20699665457476296,1.8707063552913705,-0.07731038270797891,0.32615182546875315,0.15513461554249175,0.0038156018444304995,-1.2621812899371403,0.11664062220869081,6.485984100216521,0.0,0.0,0.22259843153375714,0.25094679412592064,0.9993655133461887,0.07044684469837792,0.9281203835600664,0.6173053808467217,0.0,0.03736802702320377,C:\Users\60585\PycharmProjects\qibMacV2\mlruns\594471764185722698\d3609f7d39aa4f30b35a80a81f8bfa19\diagnostic_matrix.csv,,,
suite_csv,diagnostic_runs\four_day_plan_20260501_125906\capacity_full135_40epoch\stage2_seed43_44\suite_summary.csv,cap00_d64_h4_l2_ff128_do010_seed44,cap00_d64_h4_l2_ff128_do010,44,0,,,,,,,,,,,64,4,16,2,128,0.1,203847,40,0.0723761509854969,18,0.06743614139277532,0.004940009592721589,valid_rank_ic,18,0.0723761509854969,True,0.07237689787356799,0.5390860420358146,0.06144137085946531,0.4458222834058483,-0.011547001401728523,0.016146334933100435,0.009583004589216196,0.15928349085164634,1.571942615269592,-0.07188818675100475,0.32635349601713526,0.155230403505964,0.004940009592721589,-1.2527859632315472,0.1192156670997849,6.960864269586503,0.000671366230278617,0.000671366230278617,0.22755162193295778,0.2620875581781915,0.9900511180063378,0.13933791272590054,0.8005227611282686,0.7442430558441379,0.0,0.04965384807383453,C:\Users\60585\PycharmProjects\qibMacV2\mlruns\831709460167705541\c57ef9a59d1e4f8da9a9c12f07e121c1\diagnostic_matrix.csv,,,
suite_csv,diagnostic_runs\four_day_plan_20260501_125906\capacity_full135_40epoch\stage2_seed43_44\suite_summary.csv,cap01_d64_h4_l2_ff256_do015_seed44,cap01_d64_h4_l2_ff256_do015,44,0,,,,,,,,,,,64,4,16,2,256,0.15,236871,40,0.07811993871956337,25,0.07573933776649167,0.0023806009530717015,valid_rank_ic,25,0.07811993871956337,True,0.0781186260026794,0.5499413630680678,0.06251043728605424,0.43514856387075057,-0.03103093272663608,0.020412652140201857,0.01008516573804429,0.23328342286717138,2.2536675690703483,-0.07340847201619605,0.327802707675312,0.15592174404468803,0.0023806009530717015,-1.2547232450508785,0.10977269030594133,6.479427656362147,0.0003356831151393085,0.0003356831151393085,0.2189405837608048,0.2618787799841448,0.9997900840479409,0.06770969476669744,0.8907492400507948,0.6770426955902049,0.0,0.052674810989765244,C:\Users\60585\PycharmProjects\qibMacV2\mlruns\966432381987661662\031cbca339604ad4ad3bca3c37930788\diagnostic_matrix.csv,,,
suite_csv,diagnostic_runs\four_day_plan_20260501_125906\capacity_full135_40epoch\stage2_seed43_44\suite_summary.csv,cap02_d80_h4_l2_ff320_do015_seed44,cap02_d80_h4_l2_ff320_do015,44,0,,,,,,,,,,,80,4,20,2,320,0.15,355607,40,0.07900573887492246,18,0.07422388292399905,0.004781855950923411,valid_rank_ic,18,0.07900573887492246,True,0.07900580974698307,0.5450072473374616,0.06612720980542079,0.4482290550876069,-0.03602074969300924,0.015104297144404207,0.010575298498382369,0.2007778358959388,1.951953534412605,-0.06932335737313389,0.3283978431856139,0.15620415555990932,0.004781855950923411,-1.2484637609255391,0.1161694141324633,6.056563105380378,0.0003356831151393085,0.0003356831151393085,0.2248784705831445,0.27149536332600244,0.998061486037819,0.08643372514884823,0.9091193217359482,0.6403529113586393,0.0,0.04345006763869695,C:\Users\60585\PycharmProjects\qibMacV2\mlruns\652638798351033261\43095c52aa014efb916f1d36cb48bb12\diagnostic_matrix.csv,,,
suite_csv,diagnostic_runs\four_day_plan_20260501_125906\capacity_full135_40epoch\stage3_aggressive_seed42\suite_summary.csv,cap09_d128_h8_l2_ff384_do020,cap09_d128_h8_l2_ff384_do020,42,0,,,,,,,,,,,128,8,16,2,384,0.2,788871,40,0.0757068579946541,17,0.06199633701341937,0.01371052098123473,valid_rank_ic,17,0.0757068579946541,True,0.07570250523851765,0.4942985973553227,0.06541681107992545,0.4305508778312183,-0.017964576626534334,0.028860083502274887,0.010081620452126851,0.21222303395051278,1.8683880508448147,-0.08778060224008205,0.3272852086783662,0.1556748373649301,0.01371052098123473,-1.2011181809230933,0.14290228131144794,5.222394263615594,0.0003356831151393085,0.0003356831151393085,0.24668584633449772,0.32843127461385024,0.9999497676480069,0.06619794683977873,0.9475926176113992,0.5745346603143819,0.0,0.0409985456798268,C:\Users\60585\PycharmProjects\qibMacV2\mlruns\931441703756839387\c62258af036c45ffad74cc0a8b152574\diagnostic_matrix.csv,,,
suite_csv,diagnostic_runs\four_day_plan_20260501_125906\capacity_full135_40epoch\stage3_aggressive_seed42\suite_summary.csv,cap10_d128_h8_l2_ff512_do025,cap10_d128_h8_l2_ff512_do025,42,0,,,,,,,,,,,128,8,16,2,512,0.25,854663,40,0.07666618937200623,17,0.06881147014895303,0.007854719223053197,valid_rank_ic,17,0.07666618937200623,True,0.07666379496896569,0.5209986527183136,0.06533712092966709,0.445728313238186,-0.04119127718137925,0.01990635537739894,0.009690195584590448,0.16639435673207653,1.519312117689967,-0.07892556238784681,0.32800008449622486,0.1560154921555399,0.007854719223053197,-1.2000896933783889,0.1314165053932911,4.92007630633155,0.0003356831151393085,0.0003356831151393085,0.2406164849912932,0.3335232648833879,0.9998987430076811,0.06618553962780807,0.9363451030464531,0.48736129483952917,0.0,0.034592902846666676,C:\Users\60585\PycharmProjects\qibMacV2\mlruns\112808136313030517\fce8848c099c460ab65f8c817b92f829\diagnostic_matrix.csv,,,
suite_csv,diagnostic_runs\four_day_plan_20260501_125906\capacity_full135_40epoch\stage3_aggressive_seed42\suite_summary.csv,cap11_d128_h4_l2_ff512_do020,cap11_d128_h4_l2_ff512_do020,42,0,,,,,,,,,,,128,4,32,2,512,0.2,854663,40,0.07756485817302625,17,0.07071944517711849,0.006845412995907754,valid_rank_ic,17,0.07756485817302625,True,0.07756069819022336,0.5270949386817093,0.06481755686181763,0.4429495225687996,-0.03414341473598389,0.029583777537809608,0.009800811686496663,0.15171129445394826,1.3750037136175788,-0.0968018748027635,0.3290110513705379,0.15649654619766457,0.006845412995907754,-1.2168937747831485,0.1336643340824012,4.8798273553098435,0.0003356831151393085,0.0003356831151393085,0.2448118682994503,0.3061279696450491,0.9995792042560476,0.06877570946702646,0.9479842118334912,0.5700919999051342,0.0,0.04232871084452278,C:\Users\60585\PycharmProjects\qibMacV2\mlruns\472497830545691626\13250c916ffd4ed69c25c2768350084d\diagnostic_matrix.csv,,,
suite_csv,diagnostic_runs\four_day_plan_20260501_125906\matrix_40epoch_seed42\suite_summary.csv,full_135,full_135,42,0,,,,,,,,,,,,,,,,,,40,0.07913594334986097,17,0.07007508365532826,0.009060859694532714,valid_rank_ic,17,0.07913594334986097,True,0.07913506646550444,0.5496115387284783,0.07051988516857385,0.4836667844057335,-0.01355395247614645,0.03331152874863933,0.01118243661950725,0.17787491766501612,1.564012034553269,-0.09847608697301419,0.32651886274641506,0.15530993200071974,0.009060859694532714,-1.2444016674350442,0.1208131819940776,7.95184714109827,0.0003356831151393085,0.0003356831151393085,0.23040787875152105,0.26454604628043166,0.9994577783402324,0.07316709921341655,0.8970167185085561,0.6708117364445346,0.0,0.04775891412543733,C:\Users\60585\PycharmProjects\qibMacV2\mlruns\325032212672679181\ae50cd15f54f49589865170d35f2014d\diagnostic_matrix.csv,,,
suite_csv,diagnostic_runs\four_day_plan_20260501_125906\matrix_40epoch_seed42\suite_summary.csv,base,base,42,0,,,,,,,,,,,,,,,,,,40,0.0712402230806313,15,0.06761946221199686,0.003620760868634443,valid_rank_ic,15,0.0712402230806313,True,0.0712363734733636,0.5390729212553699,0.06319144598961643,0.46027634270195494,-0.04110654829289762,0.004305308000571449,0.009620381124796264,0.13819982385911228,1.369382467760407,-0.06317351126694892,0.3263388916991365,0.15522495906479444,0.003620760868634443,-1.285646531636688,0.10637678638931677,5.043574006013082,0.0003356831151393085,0.0003356831151393085,0.20475623062610146,0.2077822521353314,0.9996792216887642,0.07291897336023972,0.8400815236046683,0.6881881516576789,0.0,0.02131841628976333,C:\Users\60585\PycharmProjects\qibMacV2\mlruns\662335838392804238\13c7b183255b4d00905b27b61ef4b5d8\diagnostic_matrix.csv,,,
suite_csv,diagnostic_runs\four_day_plan_20260501_125906\matrix_40epoch_seed42\suite_summary.csv,time_only,time_only,42,0,,,,,,,,,,,,,,,,,,40,0.07196782919851456,17,0.06599785755709782,0.005969971641416744,valid_rank_ic,17,0.07196782919851456,True,0.07197022857139895,0.548346806296843,0.06410698044886123,0.48422121910764804,-0.02568689670865456,0.029371135399703804,0.010002035648964418,0.16087228342945784,1.575365601003654,-0.08591055525598756,0.3261009802007368,0.15511094624133223,0.005969971641416744,-1.2847989224003835,0.09978376568303514,8.556060363819388,0.000671366230278617,0.000671366230278617,0.19165795087094034,0.22647739042041734,0.9792389957811706,0.16837621193382002,0.8975934355175086,0.542890707599746,0.0,0.028143829014847778,C:\Users\60585\PycharmProjects\qibMacV2\mlruns\857301447245886986\2959bb74fa5a4377a12df9d64cabbb60\diagnostic_matrix.csv,,,
suite_csv,diagnostic_runs\four_day_plan_20260501_125906\matrix_40epoch_seed42\suite_summary.csv,film_only,film_only,42,0,,,,,,,,,,,,,,,,,,40,0.0767872855431077,17,0.057560462847396604,0.01922682269571109,valid_rank_ic,17,0.0767872855431077,True,0.07678603656652373,0.5844371736808308,0.06415816962817701,0.4664415210211175,-0.013555969518572191,0.024999341458214853,0.010087269496282414,0.17978762461217418,1.5752258414392195,-0.07484343672085791,0.32623358491936216,0.1551742818397725,0.01922682269571109,-1.2356107383209238,0.14325004073849346,6.816174557260988,0.0003356831151393085,0.0003356831151393085,0.24200638191297416,0.2539577952383388,0.9999437533054996,0.066358312260015,0.807584101298859,0.7349453340770765,0.0,0.043656057060164635,C:\Users\60585\PycharmProjects\qibMacV2\mlruns\205607788562772697\813f51a773304377b3344a8ba389e9d3\diagnostic_matrix.csv,,,
suite_csv,diagnostic_runs\four_day_plan_20260501_125906\matrix_40epoch_seed42\suite_summary.csv,no_layer_summary,no_layer_summary,42,0,,,,,,,,,,,,,,,,,,40,0.06907886055539827,17,0.06405176286708716,0.005027097688311111,valid_rank_ic,17,0.06907886055539827,True,0.06907886055539827,0.514995064872803,0.06413817420894148,0.47664048767416917,-0.020196166743551867,0.022762587866751782,0.010286423776572367,0.19304672562095002,1.8431914681712018,-0.07280791062389333,0.3251906411570457,0.15467662941358237,0.005027097688311111,-1.2746874185456682,0.11298539066627955,9.876568469949412,0.0003356831151393085,0.0003356831151393085,0.20440255863308787,0.23054616775138093,0.9999175930450689,0.06662393818634862,0.8938872447871897,0.6478259435925273,0.0,0.02160090244147815,C:\Users\60585\PycharmProjects\qibMacV2\mlruns\590194973191721631\023b168ef8f44fbea8ea7760fd79f118\diagnostic_matrix.csv,,,
suite_csv,diagnostic_runs\four_day_plan_20260501_125906\matrix_40epoch_seed42\suite_summary.csv,fixed_router_05,fixed_router_05,42,0,,,,,,,,,,,,,,,,,,40,0.07707132106127333,17,0.06974822454236485,0.007323096518908487,valid_rank_ic,17,0.07707132106127333,True,0.07707132031873405,0.5760899141994799,0.06754494267592283,0.5006037883323867,-0.03676845490469445,0.02377107270226763,0.0110194490454274,0.1549206254377406,1.5348429773576733,-0.0835654354649816,0.3246399455264698,0.15441386772530413,0.007323096518908487,-1.2792117642753744,0.11075105661540022,9.088051384024167,0.000671366230278617,0.000671366230278617,0.21024810391490434,0.21497421139781098,0.9998742396086782,0.0689558937064017,1.0000000027478353,0.5,0.0,0.029066113064842178,C:\Users\60585\PycharmProjects\qibMacV2\mlruns\868729932898585167\d0c107064f1b4768b07572a485096d3a\diagnostic_matrix.csv,,,
suite_csv,diagnostic_runs\print_only_formal_check\suite_diagnostic_summary.csv,full_135,full_135,,,,,,,,,,,,,,,,,,,,,,,,,,,,,,,,,,,,,,,,,,,,,,,,,,,,,,,,,,
suite_csv,diagnostic_runs\seed42_matrix_gradfix_20260430_2105\suite_diagnostic_summary.csv,full_135,full_135,,0,,,,,,,,,,,,,,,,,,,,,,,,,,,0.07710432823767467,0.5513286017123423,0.06856772541945735,0.4863191855598778,,,,0.21018343195055295,1.9104635802046284,-0.06843314790476968,0.32688102225456606,,0.0,,,4.090383874620602,0.000671366230278617,0.000671366230278617,,,0.9985798412707088,,,0.6552555957467453,,0.04645454554337422,C:\Users\60585\PycharmProjects\qibMacV2\mlruns\325032212672679181\0cea102512eb4ead9165d4bef08ff534\diagnostic_matrix.csv,0.00038996609774502843,0.03359321734264096,2977.0
suite_csv,diagnostic_runs\seed42_matrix_gradfix_20260430_2105\suite_diagnostic_summary.csv,base,base,,0,,,,,,,,,,,,,,,,,,,,,,,,,,,0.06788440268535363,0.4852508559407806,0.05832380299112025,0.3951809974839154,,,,0.1125068731819935,1.017740200315127,-0.09979016748767262,0.3265718255733105,,0.003393291637794324,,,3.67166601258117,0.0003356831151393085,0.0003356831151393085,,,0.99951149603112,,,0.6957365744632902,,0.03314633775519503,C:\Users\60585\PycharmProjects\qibMacV2\mlruns\662335838392804238\d2e63b7839864c208de48b564eecd195\diagnostic_matrix.csv,,,2978.0
suite_csv,diagnostic_runs\seed42_matrix_gradfix_20260430_2105\suite_diagnostic_summary.csv,time_only,time_only,,0,,,,,,,,,,,,,,,,,,,,,,,,,,,0.07175480564496155,0.5260382010456862,0.062345508764057755,0.43377873522572885,,,,0.15973566927086436,1.4245924606363245,-0.12329707397475484,0.3247824806381914,,0.002357857144360695,,,8.46601767388581,0.000671366230278617,0.000671366230278617,,,0.955204642571106,,,0.535103035202068,,0.02425325909353978,C:\Users\60585\PycharmProjects\qibMacV2\mlruns\857301447245886986\5e458ead56d843b6bac14e3489a4ca5c\diagnostic_matrix.csv,0.0004677820687342172,,2977.0
suite_csv,diagnostic_runs\seed42_matrix_gradfix_20260430_2105\suite_diagnostic_summary.csv,film_only,film_only,,0,,,,,,,,,,,,,,,,,,,,,,,,,,,0.07192317763806869,0.5335026155951409,0.062354770918580306,0.4379224026743531,,,,0.1610171471417081,1.4451240101619043,-0.06876764952940109,0.32589948794586576,,0.0,,,3.735712615186212,0.0003356831151393085,0.0003356831151393085,,,0.9999686165670948,,,0.7333917712488918,,0.03631247493742254,C:\Users\60585\PycharmProjects\qibMacV2\mlruns\205607788562772697\c33a8a47f7f14319a7f55fa848c50cd1\diagnostic_matrix.csv,,0.05700276492714409,2978.0
suite_csv,diagnostic_runs\seed42_matrix_gradfix_20260430_2105\suite_diagnostic_summary.csv,no_layer_summary,no_layer_summary,,0,,,,,,,,,,,,,,,,,,,,,,,,,,,0.06317243664669321,0.4746565924091005,0.0604645637482205,0.4513816302398833,,,,0.1236344432636533,1.1108231908144603,-0.12096647411008665,0.3236436078289021,,0.00636589654735123,,,7.752973334392568,0.000671366230278617,0.000671366230278617,,,0.999982167899569,,,0.6454863353173589,,0.01875585485850486,C:\Users\60585\PycharmProjects\qibMacV2\mlruns\590194973191721631\3049d3c013b54591a76de366e0366d83\diagnostic_matrix.csv,0.00031198636449948706,0.03820072549075908,2977.0
suite_csv,diagnostic_runs\seed42_matrix_gradfix_20260430_2105\suite_diagnostic_summary.csv,fixed_router_05,fixed_router_05,,0,,,,,,,,,,,,,,,,,,,,,,,,,,,0.07113857710740026,0.52342630922699,0.0651630654086843,0.47407226957748044,,,,0.15498507408021225,1.4930583758400318,-0.09389516656369923,0.3259841071421199,,0.005216097860735305,,,6.926726722739538,0.000671366230278617,0.000671366230278617,,,0.9999838596067064,,,0.5,,0.033096454478306045,C:\Users\60585\PycharmProjects\qibMacV2\mlruns\868729932898585167\df53e63552ad4502a5b42c92d00d6733\diagnostic_matrix.csv,0.00046795546406447287,0.039554616459958655,2977.0
