group,metric,0.01ref,0.1,0.2,0.5,0.8,1.0,1.5,2.0,5.0
attention_pooling,factor_effective_rank_mean,157.9402347537805,154.87265412944254,156.59873801095796,157.6471593652187,157.96490560644853,157.38025079343083,157.9477481079645,157.96723372930205,157.98416999230233
attention_pooling,factor_entropy_norm_mean,0.9999252680886817,0.9960495289625128,0.998240167258734,0.99955836994628,0.9999561208227878,0.9992236564300804,0.999934664907121,0.9999590320974094,0.9999802087628216
attention_pooling,factor_top10_mass_mean,0.0678051690970777,0.1069144857807407,0.0903054301834604,0.0756882072916849,0.0665518164823201,0.0816215589783064,0.0670529795059079,0.066774425005756,0.0654737949528189
attention_pooling,pool_entropy_norm_mean,0.999999999164082,0.99998660030735,0.999998923472697,0.9999999338572788,0.9999999953931542,0.9999999967457665,0.9999990713972206,0.9999999995928174,0.999947977281617
attention_pooling,pool_top10_mass_mean,0.0633010535286646,0.0644475440850521,0.0636250402558818,0.0633678704087162,0.0633109358805545,0.0633074899738905,0.0636112121670047,0.0632978957675218,0.065963357298675
attention_pooling,pooling_top10_mass_daily_mean,0.0633016322481543,0.0644598840068164,0.0636279098487511,0.0633694782744656,0.0633114119215193,0.0633076813306063,0.0636120531327768,0.0632983276374341,0.0659363681850533
attention_pooling,pooling_top10_vs_film_top10_overlap,0.0454196006366482,0.0325709374685068,0.0346708126498654,0.0528348244572472,0.0331081868529994,0.0463028177934969,0.053889195727678,0.0355802096300087,0.0410993667860804
attention_pooling,time_diag_mass_mean,0.1305643049417769,0.1253732833107838,0.1228867869004113,0.1306429292982049,0.127285932097299,0.1288543832217177,0.1311072909362855,0.1240862319416827,0.126830360544399
attention_pooling,time_local_mass_mean,0.3554083974663962,0.3477678983920396,0.34501492546389,0.3569443170782063,0.3514445221914652,0.3538529716420338,0.357640691055364,0.3470385598378518,0.3497867263712769
attention_pooling,time_long_range_mass_mean,0.6445916025326037,0.6522321016069603,0.6549850745351099,0.6430556829207936,0.6485554778075346,0.6461470283569661,0.6423593089436359,0.6529614401611482,0.6502132736277231
expert,expert_layer_0_contrib_norm_ratio_daily_mean,11.074084979227443,10.905884341990694,10.57060253854274,10.63568357691632,11.637640447156128,10.18492259565625,10.536284152107426,12.881932332941046,12.713111201401816
expert,expert_layer_0_expert_cosine_daily_mean,0.0246318333085669,0.0092924912081122,0.0038926993699775,0.0012514061679246,0.0088907075648991,0.011957523635068,-0.0044541832389626,0.0123717744556829,-0.0041106302912001
expert,expert_layer_0_factor_contrib_norm_daily_mean,1.2112936701399994,1.302032498017856,1.4132455925894645,1.293484398756792,1.1826604498388724,1.278631782863417,1.4354507453898169,1.1267246326916347,1.221719226060639
expert,expert_layer_0_factor_expert_norm_daily_mean,4.967722921636803,5.58879199394813,6.097272267318201,5.509085748862908,5.4583267658314805,5.258338616834725,6.571653807807086,5.070425633712993,5.828938656664909
expert,expert_layer_0_time_contrib_norm_daily_mean,11.979183915008695,12.585226720756868,13.020773751841045,12.512872168358337,12.321562800586907,11.970682908977505,13.35401040169299,12.715223751754886,13.18611225480924
expert,expert_layer_0_time_expert_norm_daily_mean,15.844333712676152,16.417802659267295,16.97167134948331,16.363939803477784,15.740177134250072,15.82717208425269,17.096910473562886,16.352297528480744,16.66363998637847
expert,expert_layer_0_time_winner_ratio_daily_mean,1.0,1.0,1.0,1.0,1.0,1.0,0.9999945444678324,1.0,1.0
expert,expert_layer_1_contrib_norm_ratio_daily_mean,7.168853349849558,6.076703601890227,6.221495056698639,7.549514720268219,6.861402824643005,7.854339773448126,4.801805957737218,6.327906797540948,5.228740764522708
expert,expert_layer_1_expert_cosine_daily_mean,0.0030373850959564,0.0709561439895615,0.051745304395871,0.0206214330589635,-0.0287937138219319,0.0375415670779593,0.0877359990646328,0.0032712413056514,0.0539252073481166
expert,expert_layer_1_factor_contrib_norm_daily_mean,3.105014049284977,3.6123522147414335,3.5385247669906743,3.3009260274384493,3.02848474581386,2.64525777599035,3.668530206243262,3.4102476236277828,3.42466624395742
expert,expert_layer_1_factor_expert_norm_daily_mean,11.451423975917985,13.24869371123868,13.739954973398762,9.94863941704583,9.747926234418554,10.477523059189418,11.318729781480156,10.795854721443938,11.12648415760596
expert,expert_layer_1_time_contrib_norm_daily_mean,20.572035861288462,20.285233708333266,20.43597719126949,22.85756455466712,18.966444888013477,19.409147379636373,16.430022066431622,20.09688429200317,16.622170832270296
expert,expert_layer_1_time_expert_norm_daily_mean,28.174532114581467,27.799712778893703,27.457660846741422,33.94221855575636,27.3175582167755,25.92594890625699,24.23654993934444,29.22995449009972,23.93810386158245
expert,expert_layer_1_time_winner_ratio_daily_mean,0.9972231314927584,0.9952045827852516,0.9961102019306486,0.9942935080101344,0.992765957596308,0.9999890889356648,0.9906601201302376,0.9969448992058806,0.9941025641967836
expert,layer_0_contrib_norm_ratio_last,11.073558523690057,12.382508396321937,12.059238620163375,13.197148366177336,11.160982665765893,11.101879686068395,11.088562351396938,12.87750704491392,13.38236414157037
expert,layer_0_expert_cosine_last,0.0246333910850426,0.009595280596238,-0.0007465372572206,0.0033653457286147,0.0026700125192705,0.0071396550319077,-0.0056056631093283,0.0134050911866353,-0.0009854025000505
expert,layer_0_factor_contrib_norm_last,1.2113851889260665,1.3751010089966358,1.4369899927106504,1.2714958832814145,1.4454997854029878,1.509083934872123,1.67353809504189,1.2728650213848745,1.443471748339174
expert,layer_0_factor_expert_norm_last,4.967592761481452,6.138861213690325,6.434510377737192,5.735750127345957,6.5442123015071285,6.253293767888495,8.280905496469302,5.837934883448575,6.833237740880339
expert,layer_0_time_contrib_norm_last,11.979122935262328,14.00586239561902,14.216413979444487,14.577616742316712,13.50966848679338,14.20678948497616,15.341620788636652,13.75024003951327,14.797941160280068
expert,layer_0_time_expert_norm_last,15.844688930605123,18.05977925302159,18.33154406446092,18.74072532216773,17.3472883908136,18.73204279336133,19.23369726689865,17.589466160526058,18.747469450955304
expert,layer_0_time_winner_ratio_last,1.0,0.9980864899931094,0.9999726310299188,1.0,0.9995939114089878,0.999983523559258,0.9960984598887924,1.0,0.9986591738101503
expert,layer_1_contrib_norm_ratio_last,7.170346859921801,5.592725518584837,5.271944292243296,8.437678177793755,5.481206720569911,7.245763869117793,4.708829441554418,6.913371643828877,5.185011725671552
expert,layer_1_expert_cosine_last,0.0030392414003289,0.0450071461255856,0.0435161117894002,0.0623791150612689,-0.1144128948535447,0.0535451173462254,0.0705963008276471,-0.0960614194639283,0.0473521788392685
expert,layer_1_factor_contrib_norm_last,3.104604996948117,3.977800951456672,3.919010571684268,3.334782218386811,3.864253800356252,3.1751175777416574,3.9732573391372754,3.283812288371709,3.467221131691566
expert,layer_1_factor_expert_norm_last,11.451690630124556,14.7509559016376,15.224824293545538,11.720604791969013,14.122182607260546,11.223377781882029,14.469905377214747,12.12105710611796,12.412849410661114
expert,layer_1_time_contrib_norm_last,20.57325367061284,20.42109154172108,19.298196283768124,25.856166649176917,19.937470785724745,21.258621518623613,17.70280665071428,21.146941074177796,16.7385994229106
expert,layer_1_time_expert_norm_last,28.17459941495655,27.79235430278872,25.9160664772246,35.859033138193986,27.355392231293475,29.473892277469417,24.339210660094714,28.87553076424107,23.146351350700016
expert,layer_1_time_winner_ratio_last,0.9972204753302903,0.9886418622224888,0.9899419596336428,0.9925830235716974,0.990508605154466,0.9947672637877604,0.9897950798175534,0.9906018060645768,0.991835286913961
expert,train_layer_0_contrib_norm_ratio_last,7.698886873978982,7.326543926032208,7.430752680781064,8.64045108609169,6.878688622297317,7.208463464018561,6.591334056638159,8.185502227779681,7.310085611801173
expert,train_layer_0_expert_cosine_last,0.019331189605533,0.0088140166090202,-0.000448124210807,0.0034422904512173,0.0027522734511864,0.006816661594138,-0.0040656758676674,0.0130165664560381,0.0001196609083051
expert,train_layer_0_factor_contrib_norm_last,1.5481132161661295,2.0316367027502644,2.030342818867164,1.7515944133832495,2.0237933255034277,2.014207442981679,2.4731721630749504,1.7845101082493051,2.1984248709642635
expert,train_layer_0_factor_expert_norm_last,4.733235506052617,5.907766341362755,6.118487704476481,5.467898021491833,6.2446274802203785,5.948330839995211,7.936054007564467,5.6215206615554285,6.566335957896273
expert,train_layer_0_time_contrib_norm_last,10.22430653938634,11.401705809750386,11.7563616453941,12.186706033318025,11.2143732288933,11.84416921957502,12.609263080604608,11.511309099821643,11.903703876052298
expert,train_layer_0_time_expert_norm_last,15.193650742511934,17.356421751398173,17.608483476181004,17.936226025568875,16.593457669209776,17.9137934108195,18.308287590131854,16.858918089480877,17.875194810148294
expert,train_layer_0_time_winner_ratio_last,1.0,0.9985744658833824,0.9999843348028996,1.0,0.9997012421323692,0.999738167219812,0.9962683230183316,1.0,0.9987467832490676
expert,train_layer_1_contrib_norm_ratio_last,7.054682954500569,4.730047338838824,4.420298303402123,7.069863229519811,4.877666313862712,5.949635980012394,4.098275409284235,5.713863268039418,4.426128386230667
expert,train_layer_1_expert_cosine_last,0.0014236554015742,0.0240976305353282,0.012306294296543,0.0437444370586522,-0.1005002090212841,0.0377536237316978,0.0590177677920667,-0.0851638408896106,0.0331359230918692
expert,train_layer_1_factor_contrib_norm_last,3.410210322837535,4.505851377373215,4.506528331954113,3.937550537455758,4.192557027412765,3.7117491602777593,4.347999350101846,3.8018317325837914,3.900848698239873
expert,train_layer_1_factor_expert_norm_last,12.266327754568437,15.495213951028886,16.013442755625846,13.061861286310592,14.178980008753085,12.326970972123265,14.484017703788478,12.64405295271808,13.496808587964567
expert,train_layer_1_time_contrib_norm_last,20.87525505905945,18.82315583947762,17.867773314697224,24.056218070125933,18.35150168189349,19.62170739188295,16.213839373279633,19.145294450040872,15.620359649350876
expert,train_layer_1_time_expert_norm_last,29.03471192420429,26.394915817967597,24.82602125016104,34.092339682475,25.96596674040365,27.938798376840808,23.108571116897878,27.232992488531988,21.920491502524303
expert,train_layer_1_time_winner_ratio_last,0.9992178584473692,0.988443549542984,0.9912118163616648,0.9943504533514732,0.9911211819102542,0.9958341727386528,0.9892939467088748,0.9918507331869396,0.9944511583738014
factor_film,beta_strength_mean,0.0129067802035025,0.0130866608695232,0.0136592148981512,0.0114910138988907,0.0128607272296997,0.0113359607440616,0.0118899316185515,0.0130912041719911,0.010928200487712
factor_film,factor_gate_entropy_mean,0.9424984482423372,0.9429865258024874,0.9438035170107152,0.9427311023401552,0.9420837560964294,0.9443254800553016,0.9448145580174684,0.943734814707074,0.94292629467485
factor_film,factor_gate_topk_mass_10_mean,0.1877486967708787,0.1801342653955063,0.1799223899060887,0.1805566511011748,0.1838087716342579,0.1744212838904947,0.1727595806316931,0.1771578182955615,0.1811284815035943
factor_film,factor_gate_topk_mass_5_mean,0.1040572802705382,0.0997736785323061,0.0976753731649948,0.0997048703475006,0.1020879320763722,0.096714251536004,0.0947012192464499,0.0960391038958647,0.0991327663953682
factor_film,film_pool_top10_overlap,0.0454196006366482,0.0325709374685068,0.0346708126498654,0.0528348244572472,0.0331081868529994,0.0463028177934969,0.053889195727678,0.0355802096300087,0.0410993667860804
factor_film,gamma_strength_mean,0.1105562253518307,0.1043538902680436,0.1080492387438854,0.0903943165734337,0.0936017635289073,0.0842842084162071,0.0938740486245596,0.105311454912425,0.0916694261365358
factor_film,gate_js_divergence_regime_mean,0.0040991579117577,0.004154336905617,0.0047487894104885,0.0046938357602442,0.0046334036427453,0.0047829360549028,0.0039090072656155,0.0043762441652227,0.0044359930419762
factor_film,top10_factor_stability,0.5641029674730126,0.4738716986318874,0.4910836665125351,0.4810238347034773,0.5030749891240679,0.4722827463805994,0.4611546376556781,0.4713057868161152,0.4801609977090867
optimization,loss_gap_last,-1.3052489627519923,-1.2464995738366238,-1.2460725085398046,-1.2453320938430348,-1.2464594149633146,-1.248475625740678,-1.249142167620512,-1.2492369466031186,-1.2486020945402934
optimization,post_peak_decay,0.0,0.0093052516122981,0.0097393426180234,0.0097168130249676,0.0087108205666318,0.0091365426890339,0.0089132285091673,0.0076136243992286,0.0124434236599992
optimization,rank_ic_gap_last,0.0816084413844311,0.1186342617952497,0.1210263940663441,0.1201001278211099,0.1194617819434122,0.1202442059218193,0.1205914581878906,0.1155758110166298,0.1216597772633253
optimization,train_grad_nonfinite_rate_last,0.0003356831151393,0.0003356831151393,0.0003356831151393,0.0003356831151393,0.0003356831151393,0.0003356831151393,0.0003356831151393,0.0003356831151393,0.0003356831151393
optimization,train_grad_nonfinite_steps_last,1.0,1.0,1.0,1.0,1.0,1.0,1.0,1.0,1.0
optimization,train_grad_norm_last,4.4646563230821394,8.735347471414611,8.122098020805465,8.48313696207292,8.600957764544123,8.648711325390952,8.265476472588599,8.163846574618022,8.304090363247937
optimization,train_grad_skipped_rate_last,0.0003356831151393,0.0003356831151393,0.0003356831151393,0.0003356831151393,0.0003356831151393,0.0003356831151393,0.0003356831151393,0.0003356831151393,0.0003356831151393
optimization,train_grad_skipped_steps_last,1.0,1.0,1.0,1.0,1.0,1.0,1.0,1.0,1.0
optimization,train_label_std_last,1.1652645685001282,1.165960032814259,1.165960032814259,1.165960032814259,1.165960032814259,1.165960032814259,1.165960032814259,1.165960032814259,1.165960032814259
optimization,train_lr_last,3.313126576599015e-05,1.949514769894467e-11,1.949514769894467e-11,2.126655840040126e-11,1.949514769894467e-11,2.0371225822879425e-11,2.0371225822879425e-11,1.949514769894467e-11,2.0371225822879425e-11
optimization,train_optimizer_steps_last,2978.0,2978.0,2978.0,2978.0,2978.0,2978.0,2978.0,2978.0,2978.0
optimization,train_score_std_last,0.1878149487820997,0.2310966806709466,0.2304477083398896,0.2310088261056562,0.2303259658429317,0.2312758318647197,0.231182076619671,0.2271062435420338,0.2313335888655484
optimization,valid_label_std_last,0.0457554727658605,0.0457554727658605,0.0457554727658605,0.0457554727658605,0.0457554727658605,0.0457554727658605,0.0457554727658605,0.0457554727658605,0.0457554727658605
optimization,valid_score_std_last,0.1754036511610065,0.265622202971563,0.2692315683817512,0.2678873964300327,0.2667625914228723,0.2615565223506547,0.2597274655406096,0.2606809525560045,0.2600535191412643
performance,daily_ic_mean,0.0675850482789714,0.0702702191087243,0.0688765490339462,0.0651181950908587,0.0642224077573666,0.0686733785588456,0.0633394387724496,0.0698767591291035,0.0667629011465123
performance,daily_ic_std,0.1391350726295262,0.1443157137422618,0.1447790110291521,0.1426614896608158,0.1432588710239212,0.1441832320010982,0.1423134436681851,0.1420463348740465,0.1428134690599711
performance,daily_rank_ic_mean,0.0782318184107627,0.0820193581650082,0.080292592576105,0.0813092408069872,0.0803299810546573,0.080510445561895,0.0796926720533471,0.0802290758162078,0.0822716046817449
performance,daily_rank_ic_std,0.136752897447527,0.1404671918939866,0.1415256522489677,0.1370791033498698,0.1379524335385343,0.1393421695697133,0.1378278936812571,0.1394677989822656,0.138433921105027
performance,ic_win_rate,0.6481178396072013,0.6693944353518821,0.6595744680851063,0.662847790507365,0.6530278232405892,0.6399345335515548,0.6612111292962357,0.6890343698854338,0.6530278232405892
performance,icir,0.4857513422149827,0.4869200815804591,0.4757357336836451,0.4564525103844088,0.4482962018222438,0.4762924065838843,0.4450699606435666,0.4919293355302954,0.4674832253985571
performance,rank_icir,0.5720669899574212,0.5839040209966605,0.5673359656018875,0.5931556219729567,0.5823020224737012,0.5777895220844497,0.5782042366376546,0.5752516093439577,0.5943023503562194
performance,rolling20_rank_ic_mean,0.0791930127984851,0.0828750903830729,0.0809558339303456,0.0815640609688063,0.0808149051822698,0.0808231183197038,0.0800634807638157,0.0806587869901271,0.0826175208277656
performance,rolling20_rank_ic_min,-0.0113339463237785,-0.0107419859555043,-0.0163832665721666,-0.0145849843267934,-0.0148068991860148,-0.0368700714799251,-0.0235317644274294,-0.0100224557880192,-0.0086867542332551
performance,rolling60_rank_ic_mean,0.0787160813640545,0.0817469026839729,0.0798461618204679,0.080521335634819,0.0798424970282328,0.079855640318513,0.0790202623470961,0.0794796794323508,0.0819423343332105
performance,rolling60_rank_ic_min,0.0259924968131436,0.0243943522009013,0.0244247295125231,0.0173293297187297,0.0138753537299684,0.0177151557838844,0.010509523737995,0.0208286898535128,0.022609226306174
performance,top_bottom_spread_mean,0.0111625068303717,0.0112264860306528,0.010856569085309,0.0109366110719225,0.0106153003040719,0.0113259711799725,0.0109472137825554,0.011412616214822,0.0111715558953674
performance,top_bottom_spread_std,0.0243574467012414,0.0248950856938018,0.0250273140541055,0.0258797836760488,0.0259053644478189,0.0257589840754122,0.0251898180082458,0.0245869790484528,0.0253931144903803
performance,worst5_day_rank_ic_mean,-0.1734268553145163,-0.1830453801282442,-0.1856235592481968,-0.1817603731272331,-0.1822221575441357,-0.1793296429437333,-0.1815896401632791,-0.1902843409969244,-0.1806640963756373
portfolio,annualized_return_with_cost,-0.0374884099884054,0.1839575804330794,0.1873486758132406,0.1833755041143594,0.1506163663810217,0.1862256626403307,0.1867515438002677,0.1890318147032361,0.1722168607951209
portfolio,annualized_return_without_cost,0.3564658567896204,0.3396222333834454,0.3430583205488064,0.3385979682836263,0.3067489080039152,0.342845079621915,0.342809656904774,0.3450300258519723,0.3278823729318707
portfolio,cost_drag,0.3939542667780259,0.155664652950366,0.1557096447355657,0.1552224641692668,0.1561325416228935,0.1566194169815843,0.1560581131045063,0.1559982111487361,0.1556655121367498
portfolio,information_ratio_with_cost,-0.314253869740055,1.733792687596739,1.727803533188905,1.8589927802422697,1.4748824475167177,1.8131599563227212,1.8364103716945184,1.8035587307060217,1.6816888475914966
portfolio,max_drawdown_with_cost,-0.1529313376073769,-0.0601754335696278,-0.0721728447798354,-0.0787662182835162,-0.0678116159689891,-0.0617106002292134,-0.0680174882954074,-0.0949256748362472,-0.0775513000531253
portfolio,top_bottom_spread,0.0111625068303717,0.0112264860306528,0.010856569085309,0.0109366110719225,0.0106153003040719,0.0113259711799725,0.0109472137825554,0.011412616214822,0.0111715558953674
portfolio,turnover,0.8276297477074819,0.3272657806711014,0.3273591321083692,0.326338111343555,0.3282489825596736,0.3292717298723392,0.3280930487901835,0.3279661532550343,0.3272671267849026
regime,corr_mean_abs_rank_ic_spread,0.0184399672425579,0.0200815832733236,0.0205637595941714,0.0250753273585109,0.0198708321899276,0.0259579036070601,0.022957221105602,0.0164734522434771,0.0167101615791384
regime,market_vol_20_rank_ic_spread,0.0253815113007273,0.038654196860442,0.0355099465559169,0.0251382732545621,0.0239128914343007,0.0350256159589646,0.0261856947186054,0.0344928208245805,0.0317963450623382
regime,pc1_rank_ic_spread,0.0110164516054471,0.012461914957721,0.01516622825068,0.014340560078432,0.0103131072135105,0.0150780604708369,0.0163347732130959,0.013615514026912,0.0100979656106867
regime,pc1_tail_2x2_rank_ic_spread,0.0452214736845707,0.0497756854030819,0.0549659466522538,0.0434010740074106,0.0437106207115711,0.04458523839861,0.0419068065332556,0.0512877305235778,0.040481727057259
regime,tail_rank_ic_spread,0.060595839919772,0.0629178801870016,0.0609498566574309,0.0442820143403812,0.047142215297274,0.0627399300242404,0.0449665856425901,0.0635998575700655,0.0527395153569275
router,collapse_ratio,0.0,0.0,0.0,0.0,0.0,0.0,0.0,0.0,0.0
router,entropy_norm_mean,0.8062104154191604,0.7964928946861272,0.7836687141103589,0.8339726595947626,0.8048649515828432,0.7945925289675398,0.8149582101457011,0.8144204683179692,0.7969847169349707
router,factor_ratio_mean,0.2571715317979511,0.2523766497972555,0.2444467093160226,0.2814066785030916,0.2619553350270672,0.2478176413711406,0.2710760578378197,0.2676976971748548,0.2579200918610734
router,layer_0_collapse_ratio_last,0.0,0.0147299509001636,0.0229132569558101,0.0,0.0032733224222585,0.0032733224222585,0.027823240589198,0.0212765957446808,0.0687397708674304
router,layer_0_entropy_norm_last,0.7797908248370681,0.7267943834809741,0.7291243182656808,0.7355896689107492,0.7276818902032075,0.7654557307593756,0.6905502669159598,0.7255852855071303,0.6980340562748636
router,layer_0_factor_ratio_last,0.2439628820957801,0.2247784251008798,0.2242300848548229,0.2222439251023111,0.2212695350257737,0.2417803833995825,0.2025926244336922,0.2181423692895425,0.2111807796866335
router,layer_0_logit_margin_last,1.1769524057641163,1.3492733320120704,1.3401626112418168,1.3262134308510638,1.3472107233275368,1.222960726524141,1.4703894582395662,1.355728074493658,1.4426069743504502
router,layer_0_time_ratio_last,0.7560371330248744,0.7752215892759361,0.7757699295463811,0.7777560897622678,0.7787304776682596,0.7582196315747431,0.7974073908576793,0.7818576438434776,0.7888192344706889
router,layer_1_collapse_ratio_last,0.0,0.0,0.0,0.0,0.0,0.0,0.0,0.0,0.0
router,layer_1_entropy_norm_last,0.8326001135105002,0.8260858693021409,0.8095422617347268,0.8449307971812309,0.833865148736295,0.8454863703192353,0.8373068169173945,0.8289756302747711,0.8458233082548101
router,layer_1_factor_ratio_last,0.2703596425719815,0.2661596594680155,0.255414279753955,0.279449265273425,0.2715157026793874,0.279326977979532,0.2732154521146109,0.2682512314737136,0.2772197083931312
router,layer_1_logit_margin_last,1.010512032017185,1.0365767408704991,1.0935709901800328,0.971680886226473,1.0101719932743454,0.96778942051964,0.9974495096409576,1.0272634353263093,0.9690852438369476
router,layer_1_time_ratio_last,0.7296403685977924,0.7338403514091004,0.7445857320499109,0.7205507471889209,0.7284843096854059,0.7206730365558068,0.7267845575918738,0.7317487838420462,0.7227803055081157
router,time_ratio_mean,0.7428284682020488,0.7476233502027445,0.7555532906839774,0.7185933214969084,0.7380446649729328,0.7521823586288594,0.7289239421621803,0.7323023028251452,0.7420799081389265
router,time_ratio_std,0.0531152980721101,0.0586511130081889,0.0594132465032321,0.0612713426690825,0.0618095547629095,0.0509029476068038,0.0617614008459384,0.0580497334638711,0.0576480852510011
router,time_ratio_vs_corr_mean_abs_spearman,-0.4223490796871457,-0.3640752385952601,-0.4206712257492946,-0.2689156422409053,-0.3921266178157572,-0.4773565738173136,-0.3118191560383644,-0.4620208320509927,-0.3330545415127081
router,time_ratio_vs_market_vol_20_spearman,0.1153341635009293,0.1092713110449552,0.0578413748585479,0.1721098935670428,0.1009660312697254,0.1138586957951327,0.1380689712497915,0.0886442226806206,0.1779142059645334
router,time_ratio_vs_pc1_spearman,-0.3599848696957788,-0.2997022115667679,-0.3646281264779797,-0.2000115739462054,-0.3246810499868353,-0.4212036272747407,-0.2415779286950218,-0.4161025683112718,-0.2784621823533669
router,time_ratio_vs_rank_ic_spearman,-0.0984158424175658,-0.0800444134408817,-0.0846495277566904,-0.0702158698793837,-0.0808782636670978,-0.0668162336169476,-0.0832246171522726,-0.0789144269765538,-0.0471446561024067
router,time_ratio_vs_tail_spearman,-0.2447203076986207,-0.2564464020605623,-0.2231489445876282,-0.2948844736037744,-0.2480122832188339,-0.2449451579080828,-0.2938252470905992,-0.2436218875948866,-0.2874672914353139
router_oracle,default_beats_oracle_expert_day_ratio,0.4517184942716857,0.4402618657937807,0.3633387888707037,0.4566284779050736,0.4877250409165303,0.3911620294599018,0.4075286415711948,0.4713584288052373,0.337152209492635
router_oracle,default_ic_mean,0.0675852400334643,0.0702652755942066,0.0688745724779765,0.0651173462455971,0.0642204721587864,0.0686721686374135,0.0633413719320306,0.0698744445482282,0.0667641263470728
router_oracle,default_rank_ic_mean,0.0782294730734293,0.0820134805401167,0.0802963951662644,0.081308670484456,0.0803279063326196,0.0805099709214959,0.0796922795615261,0.0802297645760188,0.0822734411828079
router_oracle,factor_ic_mean,-0.0136040093588771,0.0069834341785633,0.0139337083829297,0.0112338790701703,0.0135619822788991,0.0195239774507264,0.016894979381388,-0.0121288051594075,0.0270359576650737
router_oracle,factor_rank_ic_mean,-0.0201082731522806,-0.0046796038296816,-0.0018998644997837,0.0070650187815926,0.0082606842882907,0.0190226312572174,0.0167670321726185,-0.0059463358857614,0.0190208994711973
router_oracle,n_days,611.0,611.0,611.0,611.0,611.0,611.0,611.0,611.0,611.0
router_oracle,oracle_expert_rank_ic_mean,0.097620868080742,0.098875890150135,0.1265459006213817,0.0952934985001787,0.0898725427055189,0.1237142738503255,0.1164621423604079,0.0964000892622325,0.1332188710147901
router_oracle,router_factor_advantage,-0.09833774622571,-0.0866930843697983,-0.0821962596660482,-0.0742436517028634,-0.0720672220443288,-0.0614873396642784,-0.0629252473889075,-0.0861761004617802,-0.0632525417116105
router_oracle,router_oracle_gap,0.0193913950073126,0.0168624096100183,0.0462495054551172,0.0139848280157226,0.0095446363728993,0.0432043029288295,0.0367698627988818,0.0161703246862136,0.0509454298319822
router_oracle,router_time_advantage,-0.0150667368640054,-0.0329205892707868,-0.0381904523891515,-0.035933855540946,-0.0376737901390231,-0.0263629671206857,-0.040110877472233,-0.0261620463377836,-0.0401132701972156
router_oracle,router_uniform_advantage,-0.0218408120192463,-0.0241673889534442,-0.0248877619334263,-0.0204343602065605,-0.0226766434967042,-0.020030999906683,-0.0203296050417025,-0.0280287604156075,-0.0208586417738054
router_oracle,time_beats_factor_day_ratio,0.6710310965630114,0.6350245499181669,0.5761047463175123,0.602291325695581,0.5908346972176759,0.5695581014729951,0.5417348608837971,0.6432078559738135,0.5286415711947627
router_oracle,time_ic_mean,0.0333039857685087,0.0295773318016781,0.0247254141736743,0.0335918213929251,0.0286935722009315,0.0269589983102228,0.0242057653941342,0.024501573627362,0.0202436981565318
router_oracle,time_rank_ic_mean,0.0631627362094238,0.0490928912693298,0.0421059427771129,0.04537481494351,0.0426541161935964,0.0541470038008102,0.039581402089293,0.0540677182382351,0.0421601709855922
router_oracle,uniform_ic_mean,0.0583344587835932,0.0617986041010499,0.0610292382723825,0.060050825273973,0.0583457059950285,0.0606194421827754,0.0582272101628528,0.0584855812753907,0.0606952827787473
router_oracle,uniform_rank_ic_mean,0.0563886610541829,0.0578460915866724,0.0554086332328381,0.0608743102778955,0.0576512628359154,0.0604789710148128,0.0593626745198235,0.0522010041604112,0.0614147994090024
runtime,cuda_available,1.0,1.0,1.0,1.0,1.0,1.0,1.0,1.0,1.0
runtime,cuda_device_count,1.0,1.0,1.0,1.0,1.0,1.0,1.0,1.0,1.0
runtime,cudnn_benchmark,0.0,0.0,0.0,0.0,0.0,0.0,0.0,0.0,0.0
runtime,cudnn_deterministic,1.0,1.0,1.0,1.0,1.0,1.0,1.0,1.0,1.0
runtime,deterministic_algorithms,1.0,1.0,1.0,1.0,1.0,1.0,1.0,1.0,1.0
runtime,deterministic_warn_only,1.0,1.0,1.0,1.0,1.0,1.0,1.0,1.0,1.0
runtime,sampler_diag,1.0,1.0,1.0,1.0,1.0,1.0,1.0,1.0,1.0
runtime,seed,42.0,42.0,42.0,42.0,42.0,42.0,42.0,42.0,42.0
runtime,seed_workers,1.0,1.0,1.0,1.0,1.0,1.0,1.0,1.0,1.0
sampler,batch_size_last,300.0,300.0,300.0,300.0,300.0,300.0,300.0,300.0,300.0
sampler,coverage_gap_vs_full_last,0.3386666915816249,0.3386234797009271,0.3386234797009271,0.3386234797009271,0.3386234797009271,0.3386234797009271,0.3386234797009271,0.3386234797009271,0.3386234797009271
sampler,coverage_ratio_last,0.6613333084183751,0.6613765202990729,0.6613765202990729,0.6613765202990729,0.6613765202990729,0.6613765202990729,0.6613765202990729,0.6613765202990729,0.6613765202990729
sampler,downsample_day_ratio_last,0.0,0.0,0.0,0.0,0.0,0.0,0.0,0.0,0.0
sampler,downsample_days_last,0.0,0.0,0.0,0.0,0.0,0.0,0.0,0.0,0.0
sampler,duplicate_draws_last,327436.0,327399.0,327399.0,327399.0,327399.0,327399.0,327399.0,327399.0,327399.0
sampler,duplicate_rate_last,0.3663824549625153,0.3663410540449815,0.3663410540449815,0.3663410540449815,0.3663410540449815,0.3663410540449815,0.3663410540449815,0.3663410540449815,0.3663410540449815
sampler,epoch_last,16.0,39.0,39.0,39.0,39.0,39.0,39.0,39.0,39.0
sampler,exact_days_last,102.0,102.0,102.0,102.0,102.0,102.0,102.0,102.0,102.0
sampler,num_batches_last,2979.0,2979.0,2979.0,2979.0,2979.0,2979.0,2979.0,2979.0,2979.0
sampler,num_days_last,2979.0,2979.0,2979.0,2979.0,2979.0,2979.0,2979.0,2979.0,2979.0
sampler,total_draws_last,893700.0,893700.0,893700.0,893700.0,893700.0,893700.0,893700.0,893700.0,893700.0
sampler,total_source_samples_last,856246.0,856246.0,856246.0,856246.0,856246.0,856246.0,856246.0,856246.0,856246.0
sampler,unique_samples_last,566264.0,566301.0,566301.0,566301.0,566301.0,566301.0,566301.0,566301.0,566301.0
sampler,upsample_day_ratio_last,0.9657603222557906,0.9657603222557906,0.9657603222557906,0.9657603222557906,0.9657603222557906,0.9657603222557906,0.9657603222557906,0.9657603222557906,0.9657603222557906
sampler,upsample_days_last,2877.0,2877.0,2877.0,2877.0,2877.0,2877.0,2877.0,2877.0,2877.0
temporal,attention_diag_mass_mean,0.1305643049417769,0.1253732833107838,0.1228867869004113,0.1306429292982049,0.127285932097299,0.1288543832217177,0.1311072909362855,0.1240862319416827,0.126830360544399
temporal,attention_local_mass_mean,0.3554083974663962,0.3477678983920396,0.34501492546389,0.3569443170782063,0.3514445221914652,0.3538529716420338,0.357640691055364,0.3470385598378518,0.3497867263712769
temporal,attention_long_range_mass_mean,0.6445916025326037,0.6522321016069603,0.6549850745351099,0.6430556829207936,0.6485554778075346,0.6461470283569661,0.6423593089436359,0.6529614401611482,0.6502132736277231
temporal,embedding_norm_mean,0.1257868118693902,0.1230012531317587,0.1236962521305451,0.1262890957234924,0.1270457413017067,0.1272215457258169,0.1257747678656234,0.1241397673291582,0.1289628711567182
temporal,embedding_to_value_norm_ratio_mean,0.6698734188549322,0.6466317955410814,0.6503766970771778,0.6815474060609782,0.6804144154133104,0.6908023159180408,0.6760638955923994,0.65184343002034,0.6954541146509844
temporal,forced_time_rank_ic_contribution,-0.0150667368640054,-0.0329205892707868,-0.0381904523891515,-0.035933855540946,-0.0376737901390231,-0.0263629671206857,-0.040110877472233,-0.0261620463377836,-0.0401132701972156
temporal,tau_range_utilization_daily_mean,0.0,0.0,0.0,0.0,0.0,0.0,0.0,0.0,0.0
time_embedding,tau_drift,0.0077219009399414,0.0695271492004394,0.0656461715698242,0.0773119926452636,0.0733790397644043,0.1546411514282226,-0.34405517578125,-0.027134895324707,-2.68686580657959
time_embedding,tau_mean,4.962993861415383,5.065388617070724,5.0422148486010965,5.259166381167897,5.2777990038383225,5.352196185366417,5.2892524263472485,5.398233798053573,6.117929554414827
time_embedding,tau_p10,4.956977844238281,4.941535949707031,4.922236442565918,4.883652687072754,4.810394287109375,4.6564130783081055,4.59492301940918,3.944549322128296,3.435429811477661
time_embedding,tau_p90,4.968561172485352,5.208280086517334,5.188926696777344,5.759119987487793,5.914617538452148,6.1869893074035645,6.089680671691895,6.892301559448242,8.906473159790039
time_embedding,tau_range_utilization,0.0002340066312539,0.0053887704406121,0.0053876819032611,0.0176862080891927,0.0223075404311671,0.0309207319009183,0.0301971242885396,0.0595505502488878,0.1105261282487349
time_embedding,tau_std,0.0051676702607355,0.102494301180381,0.0994317683839499,0.3334374612988557,0.417914929079318,0.5822949579570894,0.57091536398669,1.1063276291105957,2.0411008032554747
time_embedding,tau_vs_rank_ic_spearman,-0.0474028408478721,-0.0867264223575001,-0.0801059621893671,-0.0457210417081914,-0.0396334227633844,-0.0760458117101624,-0.0425484913607935,-0.0483850702674581,-0.0822461871145606
time_embedding,tau_vs_tail_spearman,0.0044019799508311,0.0953673940172141,0.0672450210961932,0.076833105234436,0.096933038196335,0.0807736411909543,0.1772268441506452,0.1831783873527696,0.1759474975402874
time_embedding,tau_vs_volatility_spearman,-0.3193943075000409,-0.3639684983542294,-0.2926152816278181,-0.3252126968006779,-0.2912596581906872,-0.2742656142764352,-0.3043730830920785,-0.2275711978236382,-0.2496871083268375
